timestamp,value
2014-12-20 00:00:00,23496.558193462828
2014-12-20 00:30:00,21545.559674700035
2014-12-20 01:00:00,23017.904724355
2014-12-20 01:30:00,22560.96379368483
2014-12-20 02:00:00,14525.47523039883
2014-12-20 02:30:00,14308.256701111854
2014-12-20 03:00:00,10636.346233746219
2014-12-20 03:30:00,10100.726788895094
2014-12-20 04:00:00,9919.117627978132
2014-12-20 04:30:00,9499.810324314687
2014-12-20 05:00:00,9244.146840071478
2014-12-20 05:30:00,9114.145658158686
2014-12-20 06:00:00,7745.2128395328955
2014-12-20 06:30:00,7956.582446593076
2014-12-20 07:00:00,7088.334053598924
2014-12-20 07:30:00,7056.331726711921
2014-12-20 08:00:00,6957.737036075501
2014-12-20 08:30:00,6879.4615692661255
2014-12-20 09:00:00,10375.125297313532
2014-12-20 09:30:00,10321.248292805274
2014-12-20 10:00:00,16130.655175037096
2014-12-20 10:30:00,15508.890380799896
2014-12-20 11:00:00,18840.538756630154
2014-12-20 11:30:00,18363.033669537057
2014-12-20 12:00:00,17113.47777301367
2014-12-20 12:30:00,15402.168799446426
2014-12-20 13:00:00,19226.8655533961
2014-12-20 13:30:00,18629.117487385847
2014-12-20 14:00:00,19262.469450408436
2014-12-20 14:30:00,18728.9589492644
2014-12-20 15:00:00,20534.73945040623
2014-12-20 15:30:00,20019.306841457637
2014-12-20 16:00:00,15768.471266802246
2014-12-20 16:30:00,13888.895664674044
2014-12-20 17:00:00,14802.157596436464
2014-12-20 17:30:00,13995.128068396703
2014-12-20 18:00:00,24924.703448204968
2014-12-20 18:30:00,25011.548475067975
2014-12-20 19:00:00,26509.339572363926
2014-12-20 19:30:00,26385.767001855755
2014-12-20 20:00:00,26586.82093163488
2014-12-20 20:30:00,26506.637827684724
2014-12-20 21:00:00,26535.89560793685
2014-12-20 21:30:00,26560.31237614064
2014-12-20 22:00:00,26276.10327679073
2014-12-20 22:30:00,26265.19939049598
2014-12-20 23:00:00,25918.82819145374
2014-12-20 23:30:00,25940.534144153968
2014-12-21 00:00:00,22770.83096964886
2014-12-21 00:30:00,20850.05395483604
2014-12-21 01:00:00,22289.53733890647
2014-12-21 01:30:00,21825.313536654205
2014-12-21 02:00:00,14587.085857909531
2014-12-21 02:30:00,14334.942355588491
2014-12-21 03:00:00,10946.213799038416
2014-12-21 03:30:00,10486.990573653295
2014-12-21 04:00:00,10144.704015352523
2014-12-21 04:30:00,9849.527118744732
2014-12-21 05:00:00,9349.005970331287
2014-12-21 05:30:00,9328.42035683448
2014-12-21 06:00:00,7588.133313461342
2014-12-21 06:30:00,7793.781322639171
2014-12-21 07:00:00,6411.4921125067585
2014-12-21 07:30:00,6337.6742469129695
2014-12-21 08:00:00,6179.020260153355
2014-12-21 08:30:00,6082.39196381959
2014-12-21 09:00:00,10542.191122930746
2014-12-21 09:30:00,10523.647482229757
2014-12-21 10:00:00,12320.312566890696
2014-12-21 10:30:00,12144.706631386698
2014-12-21 11:00:00,14489.452335986163
2014-12-21 11:30:00,14429.718938410078
2014-12-21 12:00:00,14421.76740875453
2014-12-21 12:30:00,12924.952566780756
2014-12-21 13:00:00,16422.770046705875
2014-12-21 13:30:00,16031.891053594825
2014-12-21 14:00:00,16545.046865167493
2014-12-21 14:30:00,16224.683858347269
2014-12-21 15:00:00,17693.84366195166
2014-12-21 15:30:00,17389.19152290671
2014-12-21 16:00:00,14283.211750503824
2014-12-21 16:30:00,12905.64568587791
2014-12-21 17:00:00,13493.135268020973
2014-12-21 17:30:00,13213.45472492057
2014-12-21 18:00:00,18190.533082193062
2014-12-21 18:30:00,18944.527950901545
2014-12-21 19:00:00,18986.95369113939
2014-12-21 19:30:00,19648.139858205603
2014-12-21 20:00:00,19048.346356860315
2014-12-21 20:30:00,19730.689942267592
2014-12-21 21:00:00,18949.568246199102
2014-12-21 21:30:00,19681.832982053616
2014-12-21 22:00:00,17905.147669007627
2014-12-21 22:30:00,18489.029759843415
2014-12-21 23:00:00,18108.09909574121
2014-12-21 23:30:00,18708.78287832146
2014-12-22 00:00:00,7367.705890272812
2014-12-22 00:30:00,7368.040041376633
2014-12-22 01:00:00,5334.346280840517
2014-12-22 01:30:00,4987.646256684575
2014-12-22 02:00:00,2887.715378810244
2014-12-22 02:30:00,2999.755075465513
2014-12-22 03:00:00,2059.06836749997
2014-12-22 03:30:00,1978.6974665587115
2014-12-22 04:00:00,2048.6027106644356
2014-12-22 04:30:00,1903.6105673889697
2014-12-22 05:00:00,3781.704621245483
2014-12-22 05:30:00,3932.485102085979
2014-12-22 06:00:00,9178.127327055625
2014-12-22 06:30:00,9773.777708083942
2014-12-22 07:00:00,16092.0238094383
2014-12-22 07:30:00,16059.427018570312
2014-12-22 08:00:00,17310.164621315136
2014-12-22 08:30:00,17075.388351262678
2014-12-22 09:00:00,17324.158154620043
2014-12-22 09:30:00,17173.049922498565
2014-12-22 10:00:00,12589.67340225972
2014-12-22 10:30:00,12389.764230369148
2014-12-22 11:00:00,15116.470564976393
2014-12-22 11:30:00,15023.172035221456
2014-12-22 12:00:00,15638.969172117055
2014-12-22 12:30:00,14426.629971918068
2014-12-22 13:00:00,17769.772293945563
2014-12-22 13:30:00,17651.57101663082
2014-12-22 14:00:00,18146.45002855541
2014-12-22 14:30:00,18059.721810997133
2014-12-22 15:00:00,19309.877256529824
2014-12-22 15:30:00,19213.41821168799
2014-12-22 16:00:00,13855.35365645697
2014-12-22 16:30:00,13722.957037880738
2014-12-22 17:00:00,13203.71319348208
2014-12-22 17:30:00,13060.63477299012
2014-12-22 18:00:00,25962.313713174462
2014-12-22 18:30:00,26574.751771394716
2014-12-22 19:00:00,25427.011929844262
2014-12-22 19:30:00,25030.553082642906
2014-12-22 20:00:00,25440.352436284975
2014-12-22 20:30:00,25023.536486852227
2014-12-22 21:00:00,24377.778780447592
2014-12-22 21:30:00,24078.742724858315
2014-12-22 22:00:00,24072.49210612007
2014-12-22 22:30:00,23834.607741757343
2014-12-22 23:00:00,24465.557246052373
2014-12-22 23:30:00,24221.43141216283
2014-12-23 00:00:00,7192.078333574312
2014-12-23 00:30:00,7305.787075654147
2014-12-23 01:00:00,4993.257753051718
2014-12-23 01:30:00,4912.021709805227
2014-12-23 02:00:00,2582.3557922751647
2014-12-23 02:30:00,2975.010091884253
2014-12-23 03:00:00,1679.7556136021476
2014-12-23 03:30:00,1863.6059649960168
2014-12-23 04:00:00,1688.702056841835
2014-12-23 04:30:00,1800.5913821992501
2014-12-23 05:00:00,3472.1933250586203
2014-12-23 05:30:00,3835.391808248032
2014-12-23 06:00:00,9061.242926860352
2014-12-23 06:30:00,9747.05281446465
2014-12-23 07:00:00,15987.750659629046
2014-12-23 07:30:00,15994.726087481778
2014-12-23 08:00:00,17232.453307188876
2014-12-23 08:30:00,17031.696903245767
2014-12-23 09:00:00,17253.93201534783
2014-12-23 09:30:00,17152.496090105426
2014-12-23 10:00:00,12605.355981628269
2014-12-23 10:30:00,12405.983651597775
2014-12-23 11:00:00,15297.808371572897
2014-12-23 11:30:00,15206.819432955856
2014-12-23 12:00:00,15708.43251521419
2014-12-23 12:30:00,14510.915838055327
2014-12-23 13:00:00,17992.580470693247
2014-12-23 13:30:00,17887.05692643435
2014-12-23 14:00:00,18342.948585242055
2014-12-23 14:30:00,18267.50797916637
2014-12-23 15:00:00,19546.414825147618
2014-12-23 15:30:00,19451.13439551494
2014-12-23 16:00:00,13840.666860947947
2014-12-23 16:30:00,13698.023295250256
2014-12-23 17:00:00,13194.054138566347
2014-12-23 17:30:00,13041.608973399043
2014-12-23 18:00:00,26287.71127963536
2014-12-23 18:30:00,26875.711574840712
2014-12-23 19:00:00,26803.8168226317
2014-12-23 19:30:00,26392.26050400672
2014-12-23 20:00:00,27008.292601482917
2014-12-23 20:30:00,26577.26373353914
2014-12-23 21:00:00,26859.13782232824
2014-12-23 21:30:00,26578.34585164469
2014-12-23 22:00:00,26390.443077964395
2014-12-23 22:30:00,26161.014784055307
2014-12-23 23:00:00,25587.986137420612
2014-12-23 23:30:00,25384.546548989292
2014-12-24 00:00:00,10177.910033090806
2014-12-24 00:30:00,10168.585747637046
2014-12-24 01:00:00,5804.891066057983
2014-12-24 01:30:00,5598.379373941738
2014-12-24 02:00:00,7512.00983055639
2014-12-24 02:30:00,7605.261300193397
2014-12-24 03:00:00,7213.776364845188
2014-12-24 03:30:00,6287.430045033653
2014-12-24 04:00:00,6734.443275590175
2014-12-24 04:30:00,5833.385966028004
2014-12-24 05:00:00,6839.297988721228
2014-12-24 05:30:00,6177.028764120891
2014-12-24 06:00:00,9186.298869605604
2014-12-24 06:30:00,8997.01040336642
2014-12-24 07:00:00,15952.711626792061
2014-12-24 07:30:00,15917.225651689314
2014-12-24 08:00:00,17121.98015665744
2014-12-24 08:30:00,16908.62832122724
2014-12-24 09:00:00,17204.39066704239
2014-12-24 09:30:00,17114.581153519473
2014-12-24 10:00:00,13998.119033351386
2014-12-24 10:30:00,13811.471375017936
2014-12-24 11:00:00,16847.516497034616
2014-12-24 11:30:00,16787.216342611675
2014-12-24 12:00:00,15411.834181470851
2014-12-24 12:30:00,14226.539945530167
2014-12-24 13:00:00,17754.84086192078
2014-12-24 13:30:00,17663.43873572439
2014-12-24 14:00:00,18039.690767008422
2014-12-24 14:30:00,17968.850324819967
2014-12-24 15:00:00,19305.23791520187
2014-12-24 15:30:00,19246.69515293703
2014-12-24 16:00:00,13176.559434395343
2014-12-24 16:30:00,12026.185370876708
2014-12-24 17:00:00,13039.613246821857
2014-12-24 17:30:00,12892.907491578779
2014-12-24 18:00:00,26244.426261026347
2014-12-24 18:30:00,26831.666430543297
2014-12-24 19:00:00,26787.97040526508
2014-12-24 19:30:00,26377.233911989155
2014-12-24 20:00:00,27010.87489411484
2014-12-24 20:30:00,26586.998034524197
2014-12-24 21:00:00,26918.742786934283
2014-12-24 21:30:00,26651.382382544973
2014-12-24 22:00:00,26445.79440364723
2014-12-24 22:30:00,26217.927721690423
2014-12-24 23:00:00,25717.93914368324
2014-12-24 23:30:00,25535.079541880117
2014-12-25 00:00:00,14392.2684558569
2014-12-25 00:30:00,12946.39846080476
2014-12-25 01:00:00,7010.524462256753
2014-12-25 01:30:00,6764.611913328392
2014-12-25 02:00:00,8614.291793715693
2014-12-25 02:30:00,8649.46730694525
2014-12-25 03:00:00,7574.915553241464
2014-12-25 03:30:00,6506.622115061085
2014-12-25 04:00:00,6592.460910781156
2014-12-25 04:30:00,5597.485904395135
2014-12-25 05:00:00,7481.767808587852
2014-12-25 05:30:00,6750.422247215718
2014-12-25 06:00:00,7866.220363392182
2014-12-25 06:30:00,7670.237984138499
2014-12-25 07:00:00,15709.419612621681
2014-12-25 07:30:00,15557.890255637607
2014-12-25 08:00:00,16061.30185308126
2014-12-25 08:30:00,15769.103609201033
2014-12-25 09:00:00,16222.405751154241
2014-12-25 09:30:00,16073.979301938287
2014-12-25 10:00:00,13654.964775455499
2014-12-25 10:30:00,13395.817485231744
2014-12-25 11:00:00,16447.007432703176
2014-12-25 11:30:00,16306.175676219915
2014-12-25 12:00:00,15413.702744821663
2014-12-25 12:30:00,14061.334997543476
2014-12-25 13:00:00,17925.13410737342
2014-12-25 13:30:00,17682.165739724613
2014-12-25 14:00:00,18195.766365203548
2014-12-25 14:30:00,17979.147367266945
2014-12-25 15:00:00,19568.3563986817
2014-12-25 15:30:00,19381.876960359034
2014-12-25 16:00:00,13275.417285694977
2014-12-25 16:30:00,11934.155343189255
2014-12-25 17:00:00,13170.092899746576
2014-12-25 17:30:00,12845.647227427386
2014-12-25 18:00:00,26171.43405087697
2014-12-25 18:30:00,26793.922002134757
2014-12-25 19:00:00,26753.586886037545
2014-12-25 19:30:00,26404.8945629176
2014-12-25 20:00:00,26989.301938326476
2014-12-25 20:30:00,26653.33358043777
2014-12-25 21:00:00,26882.183475508027
2014-12-25 21:30:00,26694.721659965187
2014-12-25 22:00:00,26468.94162885263
2014-12-25 22:30:00,26286.141809351964
2014-12-25 23:00:00,25985.668159313802
2014-12-25 23:30:00,25830.870715703513
2014-12-26 00:00:00,20511.75813371339
2014-12-26 00:30:00,18978.69351784274
2014-12-26 01:00:00,14449.109387062412
2014-12-26 01:30:00,14431.498220273103
2014-12-26 02:00:00,8613.391199628551
2014-12-26 02:30:00,8685.32776385699
2014-12-26 03:00:00,7399.096569668722
2014-12-26 03:30:00,6353.06331457442
2014-12-26 04:00:00,6527.26184379955
2014-12-26 04:30:00,5559.643946191869
2014-12-26 05:00:00,7353.8484531024205
2014-12-26 05:30:00,6618.586606061663
2014-12-26 06:00:00,7517.934137232152
2014-12-26 06:30:00,7275.860694606892
2014-12-26 07:00:00,15192.002502690542
2014-12-26 07:30:00,15150.860555230038
2014-12-26 08:00:00,15537.328996631735
2014-12-26 08:30:00,15378.569457696862
2014-12-26 09:00:00,15585.801531551047
2014-12-26 09:30:00,15535.362418421048
2014-12-26 10:00:00,13068.962175791075
2014-12-26 10:30:00,12905.58979851655
2014-12-26 11:00:00,16173.25185615923
2014-12-26 11:30:00,16153.696952847924
2014-12-26 12:00:00,15553.885465199446
2014-12-26 12:30:00,14295.838049362414
2014-12-26 13:00:00,18236.9319349297
2014-12-26 13:30:00,18118.014780553793
2014-12-26 14:00:00,18459.655698652372
2014-12-26 14:30:00,18390.164684145275
2014-12-26 15:00:00,19753.45317545007
2014-12-26 15:30:00,19725.14216196564
2014-12-26 16:00:00,13140.305249272764
2014-12-26 16:30:00,11902.884571993593
2014-12-26 17:00:00,13024.972151394424
2014-12-26 17:30:00,12809.585131023505
2014-12-26 18:00:00,25251.72946013262
2014-12-26 18:30:00,25184.99634487286
2014-12-26 19:00:00,26657.17624397866
2014-12-26 19:30:00,26362.641330494713
2014-12-26 20:00:00,26889.804722329383
2014-12-26 20:30:00,26655.203833224106
2014-12-26 21:00:00,26816.208532480738
2014-12-26 21:30:00,26728.38219695134
2014-12-26 22:00:00,26494.223108413455
2014-12-26 22:30:00,26424.456961684595
2014-12-26 23:00:00,26177.00160122819
2014-12-26 23:30:00,26128.897445686092
2014-12-27 00:00:00,23410.71753051342
2014-12-27 00:30:00,21464.18796366537
2014-12-27 01:00:00,22950.077929759937
2014-12-27 01:30:00,22488.010471152513
2014-12-27 02:00:00,14077.156920212017
2014-12-27 02:30:00,13829.375091257278
2014-12-27 03:00:00,8399.845695581887
2014-12-27 03:30:00,7043.761972567398
2014-12-27 04:00:00,7662.021262241886
2014-12-27 04:30:00,6467.313871584178
2014-12-27 05:00:00,7315.5905082838035
2014-12-27 05:30:00,6389.445466824955
2014-12-27 06:00:00,6001.669754387544
2014-12-27 06:30:00,5412.582093049537
2014-12-27 07:00:00,7017.336614145783
2014-12-27 07:30:00,6967.715780778923
2014-12-27 08:00:00,6883.826553052099
2014-12-27 08:30:00,6790.6529775159715
2014-12-27 09:00:00,10334.455858363182
2014-12-27 09:30:00,10284.177156592737
2014-12-27 10:00:00,15151.108124710949
2014-12-27 10:30:00,14936.900701018396
2014-12-27 11:00:00,17796.14477522181
2014-12-27 11:30:00,17707.951595308816
2014-12-27 12:00:00,16374.92469525701
2014-12-27 12:30:00,15069.246498503435
2014-12-27 13:00:00,17764.88604163517
2014-12-27 13:30:00,17729.207979063274
2014-12-27 14:00:00,17878.027738001063
2014-12-27 14:30:00,17904.843121675167
2014-12-27 15:00:00,19097.204217986025
2014-12-27 15:30:00,19167.94933129982
2014-12-27 16:00:00,14909.276671795795
2014-12-27 16:30:00,13636.561542561216
2014-12-27 17:00:00,13893.220988560783
2014-12-27 17:30:00,13643.884150804575
2014-12-27 18:00:00,24621.67506360554
2014-12-27 18:30:00,24469.896070135026
2014-12-27 19:00:00,26130.912536758125
2014-12-27 19:30:00,25874.87686133663
2014-12-27 20:00:00,26328.581916801235
2014-12-27 20:30:00,26133.92460145305
2014-12-27 21:00:00,26273.047387844963
2014-12-27 21:30:00,26183.307701183527
2014-12-27 22:00:00,26060.248625887645
2014-12-27 22:30:00,26002.061730175028
2014-12-27 23:00:00,25871.249132164125
2014-12-27 23:30:00,25833.928197678066
2014-12-28 00:00:00,22712.869111670552
2014-12-28 00:30:00,20797.40669980717
2014-12-28 01:00:00,22246.31343398552
2014-12-28 01:30:00,21777.808754830687
2014-12-28 02:00:00,14547.210834274478
2014-12-28 02:30:00,14281.612112283741
2014-12-28 03:00:00,9229.066934311924
2014-12-28 03:30:00,7964.053722311232
2014-12-28 04:00:00,8447.855115450682
2014-12-28 04:30:00,7343.923092439953
2014-12-28 05:00:00,7970.638309326672
2014-12-28 05:30:00,7127.729275673837
2014-12-28 06:00:00,6247.212668621433
2014-12-28 06:30:00,5626.438586884107
2014-12-28 07:00:00,6385.3195119880875
2014-12-28 07:30:00,6297.255285648359
2014-12-28 08:00:00,6148.755701416116
2014-12-28 08:30:00,6037.27722338
2014-12-28 09:00:00,10702.988736879253
2014-12-28 09:30:00,10676.244945471857
2014-12-28 10:00:00,12285.44079364226
2014-12-28 10:30:00,12118.865194704435
2014-12-28 11:00:00,14427.32429423305
2014-12-28 11:30:00,14356.287708411199
2014-12-28 12:00:00,14646.915626936425
2014-12-28 12:30:00,13163.628381229357
2014-12-28 13:00:00,16086.69670349878
2014-12-28 13:30:00,15794.883379308623
2014-12-28 14:00:00,16149.829183641326
2014-12-28 14:30:00,15928.233625566387
2014-12-28 15:00:00,17268.383741147278
2014-12-28 15:30:00,17069.982877247334
2014-12-28 16:00:00,14673.022403347017
2014-12-28 16:30:00,13384.163837619892
2014-12-28 17:00:00,13840.631693907148
2014-12-28 17:30:00,13612.552361551203
2014-12-28 18:00:00,18395.34787101383
2014-12-28 18:30:00,19076.263156288696
2014-12-28 19:00:00,19172.261147166184
2014-12-28 19:30:00,19767.026680335217
2014-12-28 20:00:00,19225.53912622774
2014-12-28 20:30:00,19853.84278750125
2014-12-28 21:00:00,19111.156433643162
2014-12-28 21:30:00,19791.351502599446
2014-12-28 22:00:00,18033.246881344883
2014-12-28 22:30:00,18572.39311479951
2014-12-28 23:00:00,18313.6360017292
2014-12-28 23:30:00,18866.036245544507
2014-12-29 00:00:00,7382.787585246054
2014-12-29 00:30:00,7379.381540882884
2014-12-29 01:00:00,5362.724721063163
2014-12-29 01:30:00,5015.3919949697065
2014-12-29 02:00:00,2909.613264862036
2014-12-29 02:30:00,3002.034940556974
2014-12-29 03:00:00,2066.9492817124383
2014-12-29 03:30:00,1968.9240902069698
2014-12-29 04:00:00,2063.6008896410194
2014-12-29 04:30:00,1905.9476884723438
2014-12-29 05:00:00,3792.6032345735644
2014-12-29 05:30:00,3922.968280008027
2014-12-29 06:00:00,9163.769439476346
2014-12-29 06:30:00,9732.879078375416
2014-12-29 07:00:00,14737.20067562031
2014-12-29 07:30:00,14699.865322800235
2014-12-29 08:00:00,15162.100157347515
2014-12-29 08:30:00,14928.566796606296
2014-12-29 09:00:00,15222.820229262354
2014-12-29 09:30:00,15086.286638217944
2014-12-29 10:00:00,12244.472347433824
2014-12-29 10:30:00,12062.788322031445
2014-12-29 11:00:00,14755.850424048589
2014-12-29 11:30:00,14654.84037042205
2014-12-29 12:00:00,15537.729264380594
2014-12-29 12:30:00,14338.022439222459
2014-12-29 13:00:00,17452.80345076451
2014-12-29 13:30:00,17384.282951740337
2014-12-29 14:00:00,17759.678133221052
2014-12-29 14:30:00,17721.160645266646
2014-12-29 15:00:00,18924.27771582747
2014-12-29 15:30:00,18878.569215061856
2014-12-29 16:00:00,13913.869193116088
2014-12-29 16:30:00,13820.135131196757
2014-12-29 17:00:00,13261.07832724578
2014-12-29 17:30:00,13149.203525585055
2014-12-29 18:00:00,25931.388222903413
2014-12-29 18:30:00,26559.47088250426
2014-12-29 19:00:00,25401.579675687633
2014-12-29 19:30:00,24998.01381187174
2014-12-29 20:00:00,25407.90885831795
2014-12-29 20:30:00,24996.14874364361
2014-12-29 21:00:00,24350.249414572336
2014-12-29 21:30:00,24051.68498356001
2014-12-29 22:00:00,24053.859951022383
2014-12-29 22:30:00,23817.688412627245
2014-12-29 23:00:00,24494.063436495006
2014-12-29 23:30:00,24252.858481822117
2014-12-30 00:00:00,7200.271091702611
2014-12-30 00:30:00,7311.256472231013
2014-12-30 01:00:00,5021.305729257345
2014-12-30 01:30:00,4938.191870158143
2014-12-30 02:00:00,2610.014527591706
2014-12-30 02:30:00,2984.750795691383
2014-12-30 03:00:00,1694.3954723937802
2014-12-30 03:30:00,1859.3011371842615
2014-12-30 04:00:00,1708.1723770218398
2014-12-30 04:30:00,1806.1432810937224
2014-12-30 05:00:00,3491.95266150576
2014-12-30 05:30:00,3834.6370332495458
2014-12-30 06:00:00,9051.02257290417
2014-12-30 06:30:00,9705.10691076105
2014-12-30 07:00:00,14626.584712206362
2014-12-30 07:30:00,14622.657865181018
2014-12-30 08:00:00,15076.025925896625
2014-12-30 08:30:00,14871.346072340179
2014-12-30 09:00:00,15138.284208252886
2014-12-30 09:30:00,15045.40018556962
2014-12-30 10:00:00,12241.451737580768
2014-12-30 10:30:00,12058.682200568746
2014-12-30 11:00:00,14937.25255491034
2014-12-30 11:30:00,14838.551763673544
2014-12-30 12:00:00,15603.85904115301
2014-12-30 12:30:00,14417.50340136397
2014-12-30 13:00:00,17586.96545774385
2014-12-30 13:30:00,17534.248982384866
2014-12-30 14:00:00,17873.170741588197
2014-12-30 14:30:00,17845.507000821155
2014-12-30 15:00:00,19073.90403245586
2014-12-30 15:30:00,19029.09466317733
2014-12-30 16:00:00,13909.730235530888
2014-12-30 16:30:00,13805.771012576542
2014-12-30 17:00:00,13263.028078198346
2014-12-30 17:30:00,13138.814892832708
2014-12-30 18:00:00,26254.230931774524
2014-12-30 18:30:00,26862.987155116367
2014-12-30 19:00:00,26764.98248884607
2014-12-30 19:30:00,26354.75947993694
2014-12-30 20:00:00,26966.692699201736
2014-12-30 20:30:00,26547.945238507786
2014-12-30 21:00:00,26829.670810443768
2014-12-30 21:30:00,26554.88422950385
2014-12-30 22:00:00,26365.574375403972
2014-12-30 22:30:00,26143.17977394465
2014-12-30 23:00:00,25607.203960264666
2014-12-30 23:30:00,25408.080801552085
2014-12-31 00:00:00,9907.944749925706
2014-12-31 00:30:00,9900.406392029372
2014-12-31 01:00:00,5869.327847880431
2014-12-31 01:30:00,5661.62370167264
2014-12-31 02:00:00,7428.831893445552
2014-12-31 02:30:00,7513.812061762647
2014-12-31 03:00:00,6398.593933898082
2014-12-31 03:30:00,5471.485101286084
2014-12-31 04:00:00,6007.708779999691
2014-12-31 04:30:00,5111.956084530829
2014-12-31 05:00:00,6125.765373718126
2014-12-31 05:30:00,5451.142546661482
2014-12-31 06:00:00,8463.474688681063
2014-12-31 06:30:00,8253.652821817064
2014-12-31 07:00:00,14361.544623378237
2014-12-31 07:30:00,14321.402537633627
2014-12-31 08:00:00,14739.18353718778
2014-12-31 08:30:00,14527.156811307612
2014-12-31 09:00:00,14847.501193301214
2014-12-31 09:30:00,14764.031063623679
2014-12-31 10:00:00,12204.802294897105
2014-12-31 10:30:00,12030.032522489695
2014-12-31 11:00:00,14996.633688361479
2014-12-31 11:30:00,14926.369395355623
2014-12-31 12:00:00,15419.677538554182
2014-12-31 12:30:00,14252.802214279618
2014-12-31 13:00:00,17354.78380959125
2014-12-31 13:30:00,17318.55653719271
2014-12-31 14:00:00,17579.668259584494
2014-12-31 14:30:00,17563.49794975999
2014-12-31 15:00:00,18838.903959568976
2014-12-31 15:30:00,18832.651051837784
2014-12-31 16:00:00,13362.980147194376
2014-12-31 16:30:00,12263.473361590153
2014-12-31 17:00:00,13228.468872986872
2014-12-31 17:30:00,13115.015150489742
2014-12-31 18:00:00,26217.852542341596
2014-12-31 18:30:00,26818.30274992863
2014-12-31 19:00:00,26756.55024658906
2014-12-31 19:30:00,26346.86362053871
2014-12-31 20:00:00,26973.923250004827
2014-12-31 20:30:00,26559.864195532864
2014-12-31 21:00:00,26887.13034561026
2014-12-31 21:30:00,26621.20838497749
2014-12-31 22:00:00,26425.756923689387
2014-12-31 22:30:00,26201.83793513924
2014-12-31 23:00:00,25737.07517485551
2014-12-31 23:30:00,25555.31344973374
2015-01-01 00:00:00,14917.61635714994
2015-01-01 00:30:00,13643.484497193824
2015-01-01 01:00:00,7410.554561181969
2015-01-01 01:30:00,7191.6013001555275
2015-01-01 02:00:00,5106.628333701749
2015-01-01 02:30:00,5957.279412732657
2015-01-01 03:00:00,2548.7525280288555
2015-01-01 03:30:00,3285.1436568684317
2015-01-01 04:00:00,2378.843149492995
2015-01-01 04:30:00,3169.2152167026475
2015-01-01 05:00:00,2324.415142347059
2015-01-01 05:30:00,3238.745976814444
2015-01-01 06:00:00,3012.20022344399
2015-01-01 06:30:00,4125.358087221015
2015-01-01 07:00:00,21924.91859548724
2015-01-01 07:30:00,21813.820064116415
2015-01-01 08:00:00,21849.1529656012
2015-01-01 08:30:00,21674.520165763282
2015-01-01 09:00:00,21903.425433484437
2015-01-01 09:30:00,21786.07363828183
2015-01-01 10:00:00,22259.91016261824
2015-01-01 10:30:00,22119.720026260533
2015-01-01 11:00:00,22235.247062977756
2015-01-01 11:30:00,22214.44283368968
2015-01-01 12:00:00,19296.03415096516
2015-01-01 12:30:00,18275.303405971004
2015-01-01 13:00:00,19542.460710365987
2015-01-01 13:30:00,19555.52996846914
2015-01-01 14:00:00,19854.101992995587
2015-01-01 14:30:00,19801.159604414388
2015-01-01 15:00:00,19598.22470894
2015-01-01 15:30:00,19414.007778109684
2015-01-01 16:00:00,18272.91090722298
2015-01-01 16:30:00,16359.504291513613
2015-01-01 17:00:00,18364.04606465678
2015-01-01 17:30:00,17599.383556324967
2015-01-01 18:00:00,24758.784835486244
2015-01-01 18:30:00,26036.789237718756
2015-01-01 19:00:00,25605.918515897476
2015-01-01 19:30:00,25034.706012568797
2015-01-01 20:00:00,25570.54682933103
2015-01-01 20:30:00,24881.12727417141
2015-01-01 21:00:00,25548.56934177575
2015-01-01 21:30:00,24938.300731203384
2015-01-01 22:00:00,25390.474852437583
2015-01-01 22:30:00,24846.856824744227
2015-01-01 23:00:00,20555.312495387196
2015-01-01 23:30:00,20525.997761197712
2015-01-02 00:00:00,19407.42371768186
2015-01-02 00:30:00,17995.558048390787
2015-01-02 01:00:00,12705.342486312731
2015-01-02 01:30:00,12673.195577727125
2015-01-02 02:00:00,5492.926002243449
2015-01-02 02:30:00,6331.5085390944905
2015-01-02 03:00:00,2554.1310965335847
2015-01-02 03:30:00,3259.044207205249
2015-01-02 04:00:00,2452.084462907555
2015-01-02 04:30:00,3214.6843542814754
2015-01-02 05:00:00,2340.0037698473548
2015-01-02 05:30:00,3231.37676765223
2015-01-02 06:00:00,2891.289799892987
2015-01-02 06:30:00,3948.7144428304614
2015-01-02 07:00:00,20626.600081651482
2015-01-02 07:30:00,20535.663518909947
2015-01-02 08:00:00,20579.330573608182
2015-01-02 08:30:00,20421.81323223913
2015-01-02 09:00:00,20352.958392572942
2015-01-02 09:30:00,20243.885989013077
2015-01-02 10:00:00,20851.05257708444
2015-01-02 10:30:00,20724.183392328097
2015-01-02 11:00:00,21160.296079928223
2015-01-02 11:30:00,21153.72997641178
2015-01-02 12:00:00,19322.77473617698
2015-01-02 12:30:00,18220.543157881402
2015-01-02 13:00:00,19824.088520586767
2015-01-02 13:30:00,19701.269396368025
2015-01-02 14:00:00,20077.174157378264
2015-01-02 14:30:00,19894.50077277789
2015-01-02 15:00:00,19808.292742213052
2015-01-02 15:30:00,19515.943907450917
2015-01-02 16:00:00,18389.346304704784
2015-01-02 16:30:00,16384.344727671563
2015-01-02 17:00:00,18473.495538067014
2015-01-02 17:30:00,17661.0247524043
2015-01-02 18:00:00,23769.692171099243
2015-01-02 18:30:00,24418.240935346043
2015-01-02 19:00:00,25414.498040383394
2015-01-02 19:30:00,25006.129626710976
2015-01-02 20:00:00,25425.713891465828
2015-01-02 20:30:00,24950.008672148786
2015-01-02 21:00:00,25434.351032433628
2015-01-02 21:30:00,25047.893561491335
2015-01-02 22:00:00,25335.512468422246
2015-01-02 22:30:00,25003.33276308636
2015-01-02 23:00:00,20673.993826175523
2015-01-02 23:30:00,20823.008514567307
2015-01-03 00:00:00,22235.515903666423
2015-01-03 00:30:00,20382.4843231458
2015-01-03 01:00:00,21922.173595394474
2015-01-03 01:30:00,21443.448135991697
2015-01-03 02:00:00,11917.09643043582
2015-01-03 02:30:00,12381.823031082164
2015-01-03 03:00:00,5485.568759078254
2015-01-03 03:30:00,5932.391244917212
2015-01-03 04:00:00,3197.1663503489603
2015-01-03 04:30:00,3793.35891894515
2015-01-03 05:00:00,2718.9498719407998
2015-01-03 05:30:00,3491.139090086706
2015-01-03 06:00:00,3014.628254398121
2015-01-03 06:30:00,3899.277887174659
2015-01-03 07:00:00,9440.674615294683
2015-01-03 07:30:00,9252.11860993132
2015-01-03 08:00:00,8971.269470242905
2015-01-03 08:30:00,8760.28429173561
2015-01-03 09:00:00,10357.566152416262
2015-01-03 09:30:00,10142.896245881235
2015-01-03 10:00:00,16187.558278669983
2015-01-03 10:30:00,15941.481079357962
2015-01-03 11:00:00,17713.005920448504
2015-01-03 11:30:00,17582.981128019237
2015-01-03 12:00:00,17661.21112158187
2015-01-03 12:30:00,16308.872545008519
2015-01-03 13:00:00,18562.775564949803
2015-01-03 13:30:00,18238.613858364268
2015-01-03 14:00:00,18783.843338560626
2015-01-03 14:30:00,18413.42268541338
2015-01-03 15:00:00,18539.022135078907
2015-01-03 15:30:00,18081.87719591136
2015-01-03 16:00:00,17449.81800988376
2015-01-03 16:30:00,15190.769879611975
2015-01-03 17:00:00,17136.58853596329
2015-01-03 17:30:00,16079.916178940795
2015-01-03 18:00:00,23513.71780178149
2015-01-03 18:30:00,24029.215821060316
2015-01-03 19:00:00,24632.011044631752
2015-01-03 19:30:00,24630.949075492088
2015-01-03 20:00:00,24575.87746064475
2015-01-03 20:30:00,24511.060273258652
2015-01-03 21:00:00,24560.50725558229
2015-01-03 21:30:00,24552.385652643792
2015-01-03 22:00:00,24457.784293197823
2015-01-03 22:30:00,24538.421512618435
2015-01-03 23:00:00,20714.150342378984
2015-01-03 23:30:00,20870.214440121206
2015-01-04 00:00:00,21563.789229070688
2015-01-04 00:30:00,19715.0902837681
2015-01-04 01:00:00,21241.18806701938
2015-01-04 01:30:00,20754.64753024532
2015-01-04 02:00:00,12104.144989674402
2015-01-04 02:30:00,12559.35017123646
2015-01-04 03:00:00,6017.789582999084
2015-01-04 03:30:00,6498.241742137769
2015-01-04 04:00:00,3748.4565179071046
2015-01-04 04:30:00,4358.964225652115
2015-01-04 05:00:00,3331.749884342877
2015-01-04 05:30:00,4124.4107848237645
2015-01-04 06:00:00,3244.6502296703343
2015-01-04 06:30:00,4119.6802075760215
2015-01-04 07:00:00,8807.99784034229
2015-01-04 07:30:00,8685.204553861122
2015-01-04 08:00:00,8276.506360226505
2015-01-04 08:30:00,8146.466945976808
2015-01-04 09:00:00,10836.61070462553
2015-01-04 09:30:00,10753.210743963322
2015-01-04 10:00:00,14021.783285337367
2015-01-04 10:30:00,13906.521097460163
2015-01-04 11:00:00,15474.919008211533
2015-01-04 11:30:00,15434.912306704593
2015-01-04 12:00:00,16639.95320123665
2015-01-04 12:30:00,15290.019909488097
2015-01-04 13:00:00,15966.732614212631
2015-01-04 13:30:00,15494.836734271792
2015-01-04 14:00:00,16160.017732564169
2015-01-04 14:30:00,15654.049369052233
2015-01-04 15:00:00,15976.776366090706
2015-01-04 15:30:00,15373.523980480744
2015-01-04 16:00:00,17191.1362737045
2015-01-04 16:30:00,15207.643724419848
2015-01-04 17:00:00,16957.781894765194
2015-01-04 17:30:00,16239.117649376336
2015-01-04 18:00:00,16150.780601650038
2015-01-04 18:30:00,17488.772991157715
2015-01-04 19:00:00,14838.54887765969
2015-01-04 19:30:00,15743.229180689845
2015-01-04 20:00:00,14769.385802102532
2015-01-04 20:30:00,15638.22304522598
2015-01-04 21:00:00,14773.013355427478
2015-01-04 21:30:00,15635.24736213937
2015-01-04 22:00:00,14161.725110315549
2015-01-04 22:30:00,14899.780209375758
2015-01-04 23:00:00,15116.328999199504
2015-01-04 23:30:00,15878.82690763347
2015-01-05 00:00:00,8745.01411066733
2015-01-05 00:30:00,8804.174178894458
2015-01-05 01:00:00,7343.175160011756
2015-01-05 01:30:00,6980.551852385221
2015-01-05 02:00:00,4452.865594102143
2015-01-05 02:30:00,5549.229769255735
2015-01-05 03:00:00,4353.790567776051
2015-01-05 03:30:00,5459.198100714559
2015-01-05 04:00:00,4231.69159550793
2015-01-05 04:30:00,5345.725299716006
2015-01-05 05:00:00,4669.216684230726
2015-01-05 05:30:00,5937.9431072070565
2015-01-05 06:00:00,7310.433559656063
2015-01-05 06:30:00,8489.119788414333
2015-01-05 07:00:00,20194.238953721742
2015-01-05 07:30:00,20052.243441987644
2015-01-05 08:00:00,20196.359915975518
2015-01-05 08:30:00,19946.584216560317
2015-01-05 09:00:00,19254.560470786982
2015-01-05 09:30:00,19024.310223610257
2015-01-05 10:00:00,19478.323856067378
2015-01-05 10:30:00,19250.36377988418
2015-01-05 11:00:00,19606.16312119899
2015-01-05 11:30:00,19516.895724389564
2015-01-05 12:00:00,18761.307245326414
2015-01-05 12:30:00,17760.986483627756
2015-01-05 13:00:00,16829.29430735712
2015-01-05 13:30:00,16874.389915629457
2015-01-05 14:00:00,17208.071388043405
2015-01-05 14:30:00,17188.16200895156
2015-01-05 15:00:00,16993.009699361923
2015-01-05 15:30:00,16780.786143842754
2015-01-05 16:00:00,18562.540689727986
2015-01-05 16:30:00,17632.478413593788
2015-01-05 17:00:00,17305.184854124505
2015-01-05 17:30:00,16430.762065767627
2015-01-05 18:00:00,22536.31340371445
2015-01-05 18:30:00,23841.413933055905
2015-01-05 19:00:00,22730.866098808267
2015-01-05 19:30:00,22682.49908239873
2015-01-05 20:00:00,22490.444654619638
2015-01-05 20:30:00,22277.721989614034
2015-01-05 21:00:00,17448.29832198408
2015-01-05 21:30:00,17263.345054544345
2015-01-05 22:00:00,17272.571666474134
2015-01-05 22:30:00,17169.619562745163
2015-01-05 23:00:00,14818.437362644705
2015-01-05 23:30:00,14719.885762390473
2015-01-06 00:00:00,8554.96483306028
2015-01-06 00:30:00,8718.344584480257
2015-01-06 01:00:00,7002.078762101711
2015-01-06 01:30:00,6865.425835347351
2015-01-06 02:00:00,4166.704247595297
2015-01-06 02:30:00,5508.215193021174
2015-01-06 03:00:00,4033.7073271492213
2015-01-06 03:30:00,5360.896787834713
2015-01-06 04:00:00,3915.7370303846833
2015-01-06 04:30:00,5241.788279044059
2015-01-06 05:00:00,4345.137017674871
2015-01-06 05:30:00,5783.665497691197
2015-01-06 06:00:00,7200.142820489549
2015-01-06 06:30:00,8428.046829454204
2015-01-06 07:00:00,20452.256723984683
2015-01-06 07:30:00,20319.920316627533
2015-01-06 08:00:00,20469.51989948714
2015-01-06 08:30:00,20228.269376899174
2015-01-06 09:00:00,19527.871742307336
2015-01-06 09:30:00,19312.162228301495
2015-01-06 10:00:00,19746.221608565662
2015-01-06 10:30:00,19513.02166438631
2015-01-06 11:00:00,19902.47539157173
2015-01-06 11:30:00,19807.089262820624
2015-01-06 12:00:00,19125.252768984617
2015-01-06 12:30:00,18129.349150082315
2015-01-06 13:00:00,16929.989081153384
2015-01-06 13:30:00,16969.60152867605
2015-01-06 14:00:00,17315.088589226845
2015-01-06 14:30:00,17273.785219631773
2015-01-06 15:00:00,17050.4593296751
2015-01-06 15:30:00,16806.965337586247
2015-01-06 16:00:00,18677.56908175313
2015-01-06 16:30:00,17710.55803071985
2015-01-06 17:00:00,17373.793586466814
2015-01-06 17:30:00,16477.668763236245
2015-01-06 18:00:00,24541.559797975417
2015-01-06 18:30:00,25809.994385405364
2015-01-06 19:00:00,24895.668975132583
2015-01-06 19:30:00,24753.300926645577
2015-01-06 20:00:00,24806.783251754994
2015-01-06 20:30:00,24507.925497829707
2015-01-06 21:00:00,23174.953711334445
2015-01-06 21:30:00,22903.63059576089
2015-01-06 22:00:00,22925.769553725804
2015-01-06 22:30:00,22746.28654387561
2015-01-06 23:00:00,17517.087470669874
2015-01-06 23:30:00,17465.31497994283
2015-01-07 00:00:00,10969.339224158344
2015-01-07 00:30:00,11137.316311153927
2015-01-07 01:00:00,7177.224205431136
2015-01-07 01:30:00,7005.136899913231
2015-01-07 02:00:00,4912.140814181107
2015-01-07 02:30:00,5825.008714303721
2015-01-07 03:00:00,3955.2009647448494
2015-01-07 03:30:00,4828.260046280714
2015-01-07 04:00:00,3642.934975749855
2015-01-07 04:30:00,4507.531622229791
2015-01-07 05:00:00,3805.368968592919
2015-01-07 05:30:00,4749.2228829383075
2015-01-07 06:00:00,4710.979484331357
2015-01-07 06:30:00,5788.478361642723
2015-01-07 07:00:00,20727.925295537625
2015-01-07 07:30:00,20548.11235293074
2015-01-07 08:00:00,20683.169294994834
2015-01-07 08:30:00,20413.753067382964
2015-01-07 09:00:00,19878.611759429674
2015-01-07 09:30:00,19665.21968454954
2015-01-07 10:00:00,20776.888604884905
2015-01-07 10:30:00,20537.717180100826
2015-01-07 11:00:00,20886.00314860493
2015-01-07 11:30:00,20803.318207607266
2015-01-07 12:00:00,18333.75230223465
2015-01-07 12:30:00,17346.66785136608
2015-01-07 13:00:00,16087.656785473031
2015-01-07 13:30:00,16206.893274289458
2015-01-07 14:00:00,16431.066576830493
2015-01-07 14:30:00,16463.9547637139
2015-01-07 15:00:00,16169.935464276914
2015-01-07 15:30:00,16004.361098862595
2015-01-07 16:00:00,17391.01263698687
2015-01-07 16:30:00,15477.826318635492
2015-01-07 17:00:00,17540.630273601266
2015-01-07 17:30:00,16725.09748788163
2015-01-07 18:00:00,24929.376377498746
2015-01-07 18:30:00,26192.749247682397
2015-01-07 19:00:00,25579.187130944523
2015-01-07 19:30:00,24965.361078005662
2015-01-07 20:00:00,25504.93422811914
2015-01-07 20:30:00,24748.458225752183
2015-01-07 21:00:00,25386.772769527888
2015-01-07 21:30:00,24683.47244364898
2015-01-07 22:00:00,25034.632946541748
2015-01-07 22:30:00,24436.162431393503
2015-01-07 23:00:00,17964.165713875336
2015-01-07 23:30:00,17927.294422498308
2015-01-08 00:00:00,14887.963947582406
2015-01-08 00:30:00,13611.872144665422
2015-01-08 01:00:00,7404.65357544126
2015-01-08 01:30:00,7177.508681878822
2015-01-08 02:00:00,8329.012445861996
2015-01-08 02:30:00,8409.709978752686
2015-01-08 03:00:00,6315.931217258195
2015-01-08 03:30:00,4781.598914654194
2015-01-08 04:00:00,5879.35765002572
2015-01-08 04:30:00,4427.127201187428
2015-01-08 05:00:00,5445.38368718223
2015-01-08 05:30:00,4112.286420184795
2015-01-08 06:00:00,6001.236947716147
2015-01-08 06:30:00,4983.430697265376
2015-01-08 07:00:00,22171.027526827882
2015-01-08 07:30:00,21885.95864772839
2015-01-08 08:00:00,22171.755489815827
2015-01-08 08:30:00,21820.538151643388
2015-01-08 09:00:00,22258.65727650173
2015-01-08 09:30:00,21971.835967597544
2015-01-08 10:00:00,22579.84221297725
2015-01-08 10:30:00,22261.47754170946
2015-01-08 11:00:00,22616.256625638016
2015-01-08 11:30:00,22428.61248037516
2015-01-08 12:00:00,18610.501863761212
2015-01-08 12:30:00,17520.203458966873
2015-01-08 13:00:00,16351.534076880245
2015-01-08 13:30:00,16396.759363238936
2015-01-08 14:00:00,16658.57836148359
2015-01-08 14:30:00,16640.026851258288
2015-01-08 15:00:00,16403.372747447673
2015-01-08 15:30:00,16251.638358369011
2015-01-08 16:00:00,17475.94072792871
2015-01-08 16:30:00,15492.16319644207
2015-01-08 17:00:00,17616.05245283104
2015-01-08 17:30:00,16762.021370023427
2015-01-08 18:00:00,24745.57255515039
2015-01-08 18:30:00,26027.55975703894
2015-01-08 19:00:00,25571.47297398675
2015-01-08 19:30:00,24997.048430170686
2015-01-08 20:00:00,25532.886853028034
2015-01-08 20:30:00,24843.224272000694
2015-01-08 21:00:00,25569.49229331782
2015-01-08 21:30:00,24955.507914694994
2015-01-08 22:00:00,25327.917418982623
2015-01-08 22:30:00,24793.08740657191
2015-01-08 23:00:00,20476.2749617238
2015-01-08 23:30:00,20444.153353521084
2015-01-09 00:00:00,19562.02728282527
2015-01-09 00:30:00,18145.321764547578
2015-01-09 01:00:00,12884.223540187135
2015-01-09 01:30:00,12849.746521501658
2015-01-09 02:00:00,8742.638198339151
2015-01-09 02:30:00,8819.434102625646
2015-01-09 03:00:00,6796.85737243657
2015-01-09 03:30:00,5215.494694909623
2015-01-09 04:00:00,6433.293584724055
2015-01-09 04:30:00,4931.650890315874
2015-01-09 05:00:00,5507.52444637461
2015-01-09 05:30:00,4121.390120277192
2015-01-09 06:00:00,5892.185146941914
2015-01-09 06:30:00,4791.940433787265
2015-01-09 07:00:00,20874.437093922705
2015-01-09 07:30:00,20620.02119730458
2015-01-09 08:00:00,20896.14901816033
2015-01-09 08:30:00,20575.31603944844
2015-01-09 09:00:00,20683.650288984023
2015-01-09 09:30:00,20431.64218305572
2015-01-09 10:00:00,21147.750065977372
2015-01-09 10:30:00,20863.105485264656
2015-01-09 11:00:00,21524.672216133546
2015-01-09 11:30:00,21373.216889537376
2015-01-09 12:00:00,18648.109431815134
2015-01-09 12:30:00,17470.39262114958
2015-01-09 13:00:00,16622.024526439356
2015-01-09 13:30:00,16536.35077768072
2015-01-09 14:00:00,16856.559241104005
2015-01-09 14:30:00,16712.7135202147
2015-01-09 15:00:00,16602.471199484477
2015-01-09 15:30:00,16344.65748125043
2015-01-09 16:00:00,17744.544463533268
2015-01-09 16:30:00,15627.445540180654
2015-01-09 17:00:00,17878.03507273225
2015-01-09 17:30:00,16930.201009974524
2015-01-09 18:00:00,23738.388705148303
2015-01-09 18:30:00,24397.658591082036
2015-01-09 19:00:00,25356.309059080686
2015-01-09 19:30:00,24942.129233426534
2015-01-09 20:00:00,25379.28530191008
2015-01-09 20:30:00,24897.12435037721
2015-01-09 21:00:00,25522.66039795125
2015-01-09 21:30:00,25126.947545839525
2015-01-09 22:00:00,25333.639676127175
2015-01-09 22:30:00,25007.82993645059
2015-01-09 23:00:00,20605.320821266352
2015-01-09 23:30:00,20753.411663949977
2015-01-10 00:00:00,22427.456269626804
2015-01-10 00:30:00,20573.79231752644
2015-01-10 01:00:00,22131.62592270143
2015-01-10 01:30:00,21667.42414491948
2015-01-10 02:00:00,15081.575305640845
2015-01-10 02:30:00,14821.016093029144
2015-01-10 03:00:00,9839.442666933115
2015-01-10 03:30:00,7962.340851702819
2015-01-10 04:00:00,7113.995851732356
2015-01-10 04:30:00,5405.366782250617
2015-01-10 05:00:00,5864.337851962534
2015-01-10 05:30:00,4289.09274835026
2015-01-10 06:00:00,6014.077816795685
2015-01-10 06:30:00,4676.462025005382
2015-01-10 07:00:00,9414.988176996903
2015-01-10 07:30:00,9197.322365861599
2015-01-10 08:00:00,8979.501984268658
2015-01-10 08:30:00,8747.759722707277
2015-01-10 09:00:00,10396.64164346351
2015-01-10 09:30:00,10170.199571377667
2015-01-10 10:00:00,16180.715266655876
2015-01-10 10:30:00,15908.96953240746
2015-01-10 11:00:00,17701.754136394084
2015-01-10 11:30:00,17562.21858773387
2015-01-10 12:00:00,17676.12745875435
2015-01-10 12:30:00,16313.111113834399
2015-01-10 13:00:00,16272.068068509707
2015-01-10 13:30:00,15961.737843243784
2015-01-10 14:00:00,16467.922354179933
2015-01-10 14:30:00,16120.989746795542
2015-01-10 15:00:00,16255.918998053246
2015-01-10 15:30:00,15812.92780769374
2015-01-10 16:00:00,17532.264098397314
2015-01-10 16:30:00,15226.293879936473
2015-01-10 17:00:00,17267.862502958844
2015-01-10 17:30:00,16157.57515203526
2015-01-10 18:00:00,21435.506414846517
2015-01-10 18:30:00,21963.051783345338
2015-01-10 19:00:00,22469.077338672847
2015-01-10 19:30:00,22412.628097539142
2015-01-10 20:00:00,22438.380442078313
2015-01-10 20:30:00,22313.855901910327
2015-01-10 21:00:00,24019.657825675087
2015-01-10 21:30:00,23949.062939391028
2015-01-10 22:00:00,23825.664259450634
2015-01-10 22:30:00,23853.07744061148
2015-01-10 23:00:00,20536.39127840065
2015-01-10 23:30:00,20635.06874109086
2015-01-11 00:00:00,21756.445433955374
2015-01-11 00:30:00,19906.485213482043
2015-01-11 01:00:00,21441.33510894984
2015-01-11 01:30:00,20958.09791739579
2015-01-11 02:00:00,15294.541038841295
2015-01-11 02:30:00,15021.110847113721
2015-01-11 03:00:00,10385.500521638527
2015-01-11 03:30:00,8486.913600226639
2015-01-11 04:00:00,7695.692092132657
2015-01-11 04:30:00,5955.617547620704
2015-01-11 05:00:00,6377.045003003611
2015-01-11 05:30:00,4777.324294052444
2015-01-11 06:00:00,6106.782164146917
2015-01-11 06:30:00,4616.604986693774
2015-01-11 07:00:00,8816.343311726483
2015-01-11 07:30:00,8660.580025693813
2015-01-11 08:00:00,8310.28076607682
2015-01-11 08:30:00,8152.628824014562
2015-01-11 09:00:00,11126.541673426053
2015-01-11 09:30:00,11035.146071441015
2015-01-11 10:00:00,14204.139951974505
2015-01-11 10:30:00,14003.529149301497
2015-01-11 11:00:00,15299.168494551908
2015-01-11 11:30:00,15193.650012512999
2015-01-11 12:00:00,16635.346605454077
2015-01-11 12:30:00,15202.573487686626
2015-01-11 13:00:00,17358.342972225906
2015-01-11 13:30:00,16895.019651871455
2015-01-11 14:00:00,17230.477307959147
2015-01-11 14:30:00,17543.639768107158
2015-01-11 15:00:00,17486.249030422594
2015-01-11 15:30:00,16834.960692382207
2015-01-11 16:00:00,17604.641372740705
2015-01-11 16:30:00,15566.826135964578
2015-01-11 17:00:00,17293.198434437534
2015-01-11 17:30:00,16505.01657675952
2015-01-11 18:00:00,16370.578335725224
2015-01-11 18:30:00,17716.454938195133
2015-01-11 19:00:00,15032.348921019866
2015-01-11 19:30:00,15938.04328347028
2015-01-11 20:00:00,14983.626621455825
2015-01-11 20:30:00,15849.352781348342
2015-01-11 21:00:00,15008.418499100972
2015-01-11 21:30:00,15865.146331036854
2015-01-11 22:00:00,14390.255414825446
2015-01-11 22:30:00,15135.282933469081
2015-01-11 23:00:00,15145.160968364911
2015-01-11 23:30:00,15912.566581692057
2015-01-12 00:00:00,8718.189781059365
2015-01-12 00:30:00,8766.89137462868
2015-01-12 01:00:00,7303.478645502495
2015-01-12 01:30:00,6908.121780170497
2015-01-12 02:00:00,4785.839735699391
2015-01-12 02:30:00,5155.735759224036
2015-01-12 03:00:00,5041.120683583492
2015-01-12 03:30:00,5084.116008125845
2015-01-12 04:00:00,4952.560857103993
2015-01-12 04:30:00,5001.5723777953
2015-01-12 05:00:00,5898.165905236463
2015-01-12 05:30:00,6095.311939009275
2015-01-12 06:00:00,8558.919369879717
2015-01-12 06:30:00,8720.562314888975
2015-01-12 07:00:00,18622.27991457093
2015-01-12 07:30:00,18222.72318301822
2015-01-12 08:00:00,18662.90111732605
2015-01-12 08:30:00,18139.000630190145
2015-01-12 09:00:00,17182.49313341317
2015-01-12 09:30:00,16667.565214424376
2015-01-12 10:00:00,16699.09931640904
2015-01-12 10:30:00,16188.301906980067
2015-01-12 11:00:00,17524.939774589886
2015-01-12 11:30:00,17244.296850253493
2015-01-12 12:00:00,17836.66844427177
2015-01-12 12:30:00,16592.341371303748
2015-01-12 13:00:00,17128.399378416343
2015-01-12 13:30:00,17106.119030652164
2015-01-12 14:00:00,17211.154420019513
2015-01-12 14:30:00,18010.003197283477
2015-01-12 15:00:00,17364.354924827116
2015-01-12 15:30:00,17115.127839441488
2015-01-12 16:00:00,18212.166496694663
2015-01-12 16:30:00,17032.832180342673
2015-01-12 17:00:00,16943.347489435866
2015-01-12 17:30:00,15799.333529908045
2015-01-12 18:00:00,22504.59177337293
2015-01-12 18:30:00,23797.42810825932
2015-01-12 19:00:00,22719.70574333341
2015-01-12 19:30:00,22655.897812646355
2015-01-12 20:00:00,22501.923071532947
2015-01-12 20:30:00,22268.10100701458
2015-01-12 21:00:00,17475.60178225714
2015-01-12 21:30:00,17265.376429977987
2015-01-12 22:00:00,17289.702752830093
2015-01-12 22:30:00,17184.761460076956
2015-01-12 23:00:00,14886.824008029169
2015-01-12 23:30:00,14792.065837966158
2015-01-13 00:00:00,8458.646343825854
2015-01-13 00:30:00,8610.987216143663
2015-01-13 01:00:00,6890.761739328862
2015-01-13 01:30:00,6722.820920938736
2015-01-13 02:00:00,4499.315095205028
2015-01-13 02:30:00,5113.871801511167
2015-01-13 03:00:00,4720.189131681588
2015-01-13 03:30:00,4981.26293074119
2015-01-13 04:00:00,4624.321625221482
2015-01-13 04:30:00,4889.093607355476
2015-01-13 05:00:00,5569.150092287762
2015-01-13 05:30:00,5940.223117061462
2015-01-13 06:00:00,8447.184609504788
2015-01-13 06:30:00,8657.146507263365
2015-01-13 07:00:00,18077.85738316773
2015-01-13 07:30:00,17546.028610971596
2015-01-13 08:00:00,18128.078550340404
2015-01-13 08:30:00,17466.301790321577
2015-01-13 09:00:00,16474.55554430578
2015-01-13 09:30:00,15829.697543459706
2015-01-13 10:00:00,16237.792559173511
2015-01-13 10:30:00,15571.29158314123
2015-01-13 11:00:00,17218.130094183703
2015-01-13 11:30:00,16781.368448512647
2015-01-13 12:00:00,17839.20265666491
2015-01-13 12:30:00,16452.35511440652
2015-01-13 13:00:00,17314.86152417717
2015-01-13 13:30:00,17307.807450290056
2015-01-13 14:00:00,17404.293354145444
2015-01-13 14:30:00,18197.5810438948
2015-01-13 15:00:00,17532.13211358976
2015-01-13 15:30:00,17269.18679946829
2015-01-13 16:00:00,18261.813553365733
2015-01-13 16:30:00,17066.231093480197
2015-01-13 17:00:00,16967.52630155925
2015-01-13 17:30:00,15807.680432363506
2015-01-13 18:00:00,23056.646184935973
2015-01-13 18:30:00,24309.556882083067
2015-01-13 19:00:00,23387.301698023213
2015-01-13 19:30:00,23226.137561072952
2015-01-13 20:00:00,23325.85290936722
2015-01-13 20:30:00,22996.87196545074
2015-01-13 21:00:00,22859.76154142046
2015-01-13 21:30:00,22562.997866028392
2015-01-13 22:00:00,22492.437157627428
2015-01-13 22:30:00,22309.691497770054
2015-01-13 23:00:00,17642.333233801117
2015-01-13 23:30:00,17594.193019882823
2015-01-14 00:00:00,10867.527378052293
2015-01-14 00:30:00,11020.626579241582
2015-01-14 01:00:00,7098.884502219976
2015-01-14 01:30:00,6903.008092314934
2015-01-14 02:00:00,8071.893353139158
2015-01-14 02:30:00,8214.691454829685
2015-01-14 03:00:00,7480.437429594765
2015-01-14 03:30:00,5964.456978038416
2015-01-14 04:00:00,6903.139384189034
2015-01-14 04:30:00,5429.624720883947
2015-01-14 05:00:00,6566.070266048793
2015-01-14 05:30:00,5148.950315568228
2015-01-14 06:00:00,7388.90050043304
2015-01-14 06:30:00,6241.930758293889
2015-01-14 07:00:00,18131.55248265167
2015-01-14 07:30:00,17569.645834248367
2015-01-14 08:00:00,18104.570784539905
2015-01-14 08:30:00,17445.5255899735
2015-01-14 09:00:00,16392.34159259727
2015-01-14 09:30:00,15784.582203381224
2015-01-14 10:00:00,16367.180247097294
2015-01-14 10:30:00,15737.962399283455
2015-01-14 11:00:00,17418.549538815423
2015-01-14 11:30:00,17025.099405430323
2015-01-14 12:00:00,17798.349094805035
2015-01-14 12:30:00,16435.501170977695
2015-01-14 13:00:00,17228.05617641951
2015-01-14 13:30:00,17326.84521738926
2015-01-14 14:00:00,17283.747953632323
2015-01-14 14:30:00,18172.620616016302
2015-01-14 15:00:00,17410.4758051574
2015-01-14 15:30:00,17258.306437592106
2015-01-14 16:00:00,17707.281200825404
2015-01-14 16:30:00,15584.004389409032
2015-01-14 17:00:00,17896.831729345173
2015-01-14 17:30:00,16828.270817240176
2015-01-14 18:00:00,23096.710848360086
2015-01-14 18:30:00,24376.105127584775
2015-01-14 19:00:00,23766.629800821313
2015-01-14 19:30:00,23135.189000548984
2015-01-14 20:00:00,23722.217253936633
2015-01-14 20:30:00,22939.762290927763
2015-01-14 21:00:00,25017.66797649996
2015-01-14 21:30:00,24294.822743769204
2015-01-14 22:00:00,24622.98254719253
2015-01-14 22:30:00,24025.78161283393
2015-01-14 23:00:00,19395.78898806452
2015-01-14 23:30:00,19369.189756890333
2015-01-15 00:00:00,14842.963118587859
2015-01-15 00:30:00,13558.743371183393
2015-01-15 01:00:00,7410.641167423575
2015-01-15 01:30:00,7179.187511531414
2015-01-15 02:00:00,8391.236076669844
2015-01-15 02:30:00,8497.139514423525
2015-01-15 03:00:00,6301.195181735644
2015-01-15 03:30:00,4744.202361485812
2015-01-15 04:00:00,5854.567273408345
2015-01-15 04:30:00,4402.50623476689
2015-01-15 05:00:00,5456.390309380061
2015-01-15 05:30:00,4095.866174477247
2015-01-15 06:00:00,5875.092072455419
2015-01-15 06:30:00,4860.093740052032
2015-01-15 07:00:00,18405.477544100006
2015-01-15 07:30:00,17878.874656879132
2015-01-15 08:00:00,18412.30327794041
2015-01-15 08:30:00,17813.555761693402
2015-01-15 09:00:00,17590.768993254893
2015-01-15 09:30:00,17048.248191062015
2015-01-15 10:00:00,16768.482533717823
2015-01-15 10:30:00,16194.605861802496
2015-01-15 11:00:00,17796.63496552559
2015-01-15 11:30:00,17440.309635179492
2015-01-15 12:00:00,17824.064595515025
2015-01-15 12:30:00,16373.330821875536
2015-01-15 13:00:00,17659.668738765326
2015-01-15 13:30:00,17565.789734375543
2015-01-15 14:00:00,17674.591601497537
2015-01-15 14:30:00,18392.5509179704
2015-01-15 15:00:00,17829.7898957162
2015-01-15 15:30:00,17557.65855395967
2015-01-15 16:00:00,17740.70381294781
2015-01-15 16:30:00,15550.425359289038
2015-01-15 17:00:00,17921.26171068232
2015-01-15 17:30:00,16817.61821263522
2015-01-15 18:00:00,23045.012544457844
2015-01-15 18:30:00,24342.39372881209
2015-01-15 19:00:00,23845.253353191325
2015-01-15 19:30:00,23199.320177773086
2015-01-15 20:00:00,23787.39452770272
2015-01-15 20:30:00,23006.32663358437
2015-01-15 21:00:00,25195.503655531935
2015-01-15 21:30:00,24495.638588986796
2015-01-15 22:00:00,24897.859238763263
2015-01-15 22:30:00,24303.219738284613
2015-01-15 23:00:00,20380.685598017724
2015-01-15 23:30:00,20296.689753610906
2015-01-16 00:00:00,19509.357894311328
2015-01-16 00:30:00,18078.407919812034
2015-01-16 01:00:00,12822.577856900503
2015-01-16 01:30:00,12779.869662794312
2015-01-16 02:00:00,8518.063690252058
2015-01-16 02:30:00,8612.126810591972
2015-01-16 03:00:00,6491.710405630802
2015-01-16 03:30:00,4877.694323552308
2015-01-16 04:00:00,6357.710089638909
2015-01-16 04:30:00,4849.79406417742
2015-01-16 05:00:00,5484.648112867803
2015-01-16 05:30:00,4067.2645892015585
2015-01-16 06:00:00,5758.146356036914
2015-01-16 06:30:00,4681.7312287258355
2015-01-16 07:00:00,18038.242856900913
2015-01-16 07:30:00,17538.97417495852
2015-01-16 08:00:00,18067.462687379233
2015-01-16 08:30:00,17501.46184415958
2015-01-16 09:00:00,17098.562891159334
2015-01-16 09:30:00,16592.615641014625
2015-01-16 10:00:00,16354.04669569635
2015-01-16 10:30:00,15821.38370684611
2015-01-16 11:00:00,17558.290606614213
2015-01-16 11:30:00,17252.10906291706
2015-01-16 12:00:00,17855.75649451364
2015-01-16 12:30:00,16324.970434822657
2015-01-16 13:00:00,17966.796347133662
2015-01-16 13:30:00,17739.469606301194
2015-01-16 14:00:00,17926.941931020992
2015-01-16 14:30:00,18521.8144303783
2015-01-16 15:00:00,18077.68949012711
2015-01-16 15:30:00,17697.42990341485
2015-01-16 16:00:00,17881.871497129876
2015-01-16 16:30:00,15609.220809209683
2015-01-16 17:00:00,18061.43902142814
2015-01-16 17:30:00,16917.32212545257
2015-01-16 18:00:00,22038.36468519505
2015-01-16 18:30:00,22717.186955042263
2015-01-16 19:00:00,23527.644531452424
2015-01-16 19:30:00,23066.483287953186
2015-01-16 20:00:00,23531.95666594389
2015-01-16 20:30:00,22990.19718470207
2015-01-16 21:00:00,25027.29131526883
2015-01-16 21:30:00,24575.583675722777
2015-01-16 22:00:00,24785.078984626867
2015-01-16 22:30:00,24423.60006038239
2015-01-16 23:00:00,20510.77080937023
2015-01-16 23:30:00,20631.48797285588
2015-01-17 00:00:00,22376.222886551404
2015-01-17 00:30:00,20515.950629263607
2015-01-17 01:00:00,22064.148254419437
2015-01-17 01:30:00,21607.0585638005
2015-01-17 02:00:00,14860.039902183906
2015-01-17 02:30:00,14607.364139027499
2015-01-17 03:00:00,9602.976290903121
2015-01-17 03:30:00,7553.020506181368
2015-01-17 04:00:00,7474.10422234015
2015-01-17 04:30:00,5614.65090567294
2015-01-17 05:00:00,6281.036447661768
2015-01-17 05:30:00,4559.435835205183
2015-01-17 06:00:00,6098.681932252082
2015-01-17 06:30:00,4643.74095756761
2015-01-17 07:00:00,9267.435545875784
2015-01-17 07:30:00,9130.332395747866
2015-01-17 08:00:00,8871.73380119178
2015-01-17 08:30:00,8727.54141214693
2015-01-17 09:00:00,10791.686613159252
2015-01-17 09:30:00,10647.210853186878
2015-01-17 10:00:00,15563.93293692887
2015-01-17 10:30:00,15290.719741991541
2015-01-17 11:00:00,17537.494829006457
2015-01-17 11:30:00,17418.64288957841
2015-01-17 12:00:00,17797.105467492416
2015-01-17 12:30:00,16371.864820592265
2015-01-17 13:00:00,18090.18846265113
2015-01-17 13:30:00,17772.58421325775
2015-01-17 14:00:00,17995.505397473597
2015-01-17 14:30:00,18455.8077952941
2015-01-17 15:00:00,18152.497591170682
2015-01-17 15:30:00,17659.737570122088
2015-01-17 16:00:00,17703.678918119338
2015-01-17 16:30:00,15381.430337290587
2015-01-17 17:00:00,17381.458064724113
2015-01-17 17:30:00,16214.096831603465
2015-01-17 18:00:00,21998.289663955788
2015-01-17 18:30:00,22518.94182857503
2015-01-17 19:00:00,22956.641126167484
2015-01-17 19:30:00,22903.25572426478
2015-01-17 20:00:00,22884.787134890146
2015-01-17 20:30:00,22755.281449860024
2015-01-17 21:00:00,24224.482618699083
2015-01-17 21:30:00,24156.54261421215
2015-01-17 22:00:00,24012.498493073068
2015-01-17 22:30:00,24060.505068660277
2015-01-17 23:00:00,20554.565055700146
2015-01-17 23:30:00,20675.293980670813
2015-01-18 00:00:00,21699.877385045667
2015-01-18 00:30:00,19837.947791110655
2015-01-18 01:00:00,21387.27292730863
2015-01-18 01:30:00,20911.251676015876
2015-01-18 02:00:00,15298.759206956447
2015-01-18 02:30:00,15033.3332874459
2015-01-18 03:00:00,10358.283528468563
2015-01-18 03:30:00,8457.500763961722
2015-01-18 04:00:00,8273.953936969887
2015-01-18 04:30:00,6549.260967827447
2015-01-18 05:00:00,7021.615550472895
2015-01-18 05:30:00,5440.270282989475
2015-01-18 06:00:00,6434.6833957670815
2015-01-18 06:30:00,4973.073444614533
2015-01-18 07:00:00,8989.373286134294
2015-01-18 07:30:00,8833.177573258941
2015-01-18 08:00:00,8505.049431478132
2015-01-18 08:30:00,8359.76724701195
2015-01-18 09:00:00,11971.6784883498
2015-01-18 09:30:00,11890.957498157524
2015-01-18 10:00:00,14072.244352313215
2015-01-18 10:30:00,13864.409691113904
2015-01-18 11:00:00,15416.372481637572
2015-01-18 11:30:00,15311.423783510423
2015-01-18 12:00:00,16711.683203537632
2015-01-18 12:30:00,15212.608154038542
2015-01-18 13:00:00,17987.986099010996
2015-01-18 13:30:00,17449.892355245396
2015-01-18 14:00:00,17858.891626406818
2015-01-18 14:30:00,18105.439546846777
2015-01-18 15:00:00,18047.023624748203
2015-01-18 15:30:00,17335.324423095448
2015-01-18 16:00:00,17738.138932805497
2015-01-18 16:30:00,15606.1133004107
2015-01-18 17:00:00,17514.816018699377
2015-01-18 17:30:00,16602.5553069776
2015-01-18 18:00:00,16530.551733224165
2015-01-18 18:30:00,17872.60232372347
2015-01-18 19:00:00,15199.215853963007
2015-01-18 19:30:00,16106.866724247724
2015-01-18 20:00:00,15168.149349736914
2015-01-18 20:30:00,16031.8258364511
2015-01-18 21:00:00,15193.839165821553
2015-01-18 21:30:00,16051.080647894914
2015-01-18 22:00:00,14525.268638823742
2015-01-18 22:30:00,15280.89534252617
2015-01-18 23:00:00,15268.570793061454
2015-01-18 23:30:00,16055.22726271825
2015-01-19 00:00:00,7873.989116691835
2015-01-19 00:30:00,7921.320820305416
2015-01-19 01:00:00,6436.777538002122
2015-01-19 01:30:00,6033.110748854269
2015-01-19 02:00:00,3557.70422267142
2015-01-19 02:30:00,3589.81950119648
2015-01-19 03:00:00,3554.8374312286287
2015-01-19 03:30:00,3227.7979301933165
2015-01-19 04:00:00,3492.6225590295544
2015-01-19 04:30:00,3185.6731790117406
2015-01-19 05:00:00,4822.139418645312
2015-01-19 05:30:00,4669.619638780401
2015-01-19 06:00:00,7731.45194080856
2015-01-19 06:30:00,7919.056698997699
2015-01-19 07:00:00,18082.050746437555
2015-01-19 07:30:00,17583.901647372448
2015-01-19 08:00:00,18155.254952614145
2015-01-19 08:30:00,17549.291294109556
2015-01-19 09:00:00,16291.022143849312
2015-01-19 09:30:00,15692.862699304247
2015-01-19 10:00:00,16007.31669785072
2015-01-19 10:30:00,15412.758092022494
2015-01-19 11:00:00,17012.16091921191
2015-01-19 11:30:00,16614.07165352385
2015-01-19 12:00:00,17707.101865212004
2015-01-19 12:30:00,16324.013719735938
2015-01-19 13:00:00,17304.803693981165
2015-01-19 13:30:00,17310.324365862278
2015-01-19 14:00:00,17388.622262805155
2015-01-19 14:30:00,18223.744959850665
2015-01-19 15:00:00,17516.01905845585
2015-01-19 15:30:00,17317.70097605992
2015-01-19 16:00:00,18224.45609562857
2015-01-19 16:30:00,17162.093880315093
2015-01-19 17:00:00,17039.351387170605
2015-01-19 17:30:00,15995.056877966219
2015-01-19 18:00:00,22462.41766566097
2015-01-19 18:30:00,23729.585585610763
2015-01-19 19:00:00,22822.04951197191
2015-01-19 19:30:00,22737.970797252783
2015-01-19 20:00:00,22603.406827504765
2015-01-19 20:30:00,22359.835261031978
2015-01-19 21:00:00,17554.004565208757
2015-01-19 21:30:00,17356.20849370727
2015-01-19 22:00:00,17338.30806242315
2015-01-19 22:30:00,17259.63484171832
2015-01-19 23:00:00,16408.66793933889
2015-01-19 23:30:00,16335.208400804411
2015-01-20 00:00:00,7688.710124184309
2015-01-20 00:30:00,7838.641206945671
2015-01-20 01:00:00,6084.048048215455
2015-01-20 01:30:00,5902.346547436721
2015-01-20 02:00:00,3265.277458222741
2015-01-20 02:30:00,3533.9385486105957
2015-01-20 03:00:00,2993.5645146923657
2015-01-20 03:30:00,3107.2126197093007
2015-01-20 04:00:00,2945.5729597016516
2015-01-20 04:30:00,3077.2711828333718
2015-01-20 05:00:00,4411.719439101719
2015-01-20 05:30:00,4656.292871382186
2015-01-20 06:00:00,7741.550957936356
2015-01-20 06:30:00,8208.464627930023
2015-01-20 07:00:00,18119.683851047237
2015-01-20 07:30:00,17626.759778714768
2015-01-20 08:00:00,18211.854784583476
2015-01-20 08:30:00,17607.687687711747
2015-01-20 09:00:00,16368.02333454394
2015-01-20 09:30:00,15787.506363924249
2015-01-20 10:00:00,16059.74561684238
2015-01-20 10:30:00,15469.098008493318
2015-01-20 11:00:00,17130.66008372167
2015-01-20 11:30:00,16731.16093082647
2015-01-20 12:00:00,17911.965275049453
2015-01-20 12:30:00,16522.960478095083
2015-01-20 13:00:00,17499.58515331122
2015-01-20 13:30:00,17505.13604078874
2015-01-20 14:00:00,17587.47222022691
2015-01-20 14:30:00,18403.531105086073
2015-01-20 15:00:00,17651.897684571628
2015-01-20 15:30:00,17466.91166319328
2015-01-20 16:00:00,18095.625967580796
2015-01-20 16:30:00,17146.83154951754
2015-01-20 17:00:00,16876.983605851885
2015-01-20 17:30:00,15955.344550561485
2015-01-20 18:00:00,23313.204122588402
2015-01-20 18:30:00,24466.290213802255
2015-01-20 19:00:00,23652.361270239548
2015-01-20 19:30:00,23427.79063754086
2015-01-20 20:00:00,23535.216335613208
2015-01-20 20:30:00,23188.38534085479
2015-01-20 21:00:00,23019.736262962273
2015-01-20 21:30:00,22721.06813785249
2015-01-20 22:00:00,22627.275240933854
2015-01-20 22:30:00,22457.531986910773
2015-01-20 23:00:00,18989.30290912595
2015-01-20 23:30:00,18958.94151381594
2015-01-21 00:00:00,10112.163525723618
2015-01-21 00:30:00,10257.53574948955
2015-01-21 01:00:00,6308.285157435306
2015-01-21 01:30:00,6103.586251521188
2015-01-21 02:00:00,7034.034049016928
2015-01-21 02:30:00,7149.692847750375
2015-01-21 03:00:00,6345.787076047429
2015-01-21 03:30:00,5094.276094196398
2015-01-21 04:00:00,5905.952591372878
2015-01-21 04:30:00,4742.994480230143
2015-01-21 05:00:00,5844.344336931211
2015-01-21 05:30:00,4742.5439302383775
2015-01-21 06:00:00,6804.582735003638
2015-01-21 06:30:00,6058.953079727214
2015-01-21 07:00:00,18201.721591811387
2015-01-21 07:30:00,17667.927761936004
2015-01-21 08:00:00,18216.72493123491
2015-01-21 08:30:00,17585.109431243298
2015-01-21 09:00:00,16366.15253557723
2015-01-21 09:30:00,15803.795957166776
2015-01-21 10:00:00,16169.259891918548
2015-01-21 10:30:00,15610.163782932274
2015-01-21 11:00:00,17352.721592208
2015-01-21 11:30:00,16989.411763189986
2015-01-21 12:00:00,17977.958565554538
2015-01-21 12:30:00,16617.86321015554
2015-01-21 13:00:00,17487.901083196288
2015-01-21 13:30:00,17595.464179195296
2015-01-21 14:00:00,17658.178215288142
2015-01-21 14:30:00,18575.957839649105
2015-01-21 15:00:00,17708.005270814097
2015-01-21 15:30:00,17645.95685121198
2015-01-21 16:00:00,17007.6998132051
2015-01-21 16:30:00,15383.481406235036
2015-01-21 17:00:00,17329.436550126393
2015-01-21 17:30:00,16690.261552211523
2015-01-21 18:00:00,22087.762457584755
2015-01-21 18:30:00,22852.460562665772
2015-01-21 19:00:00,22783.386993917513
2015-01-21 19:30:00,21788.029368540007
2015-01-21 20:00:00,22832.2460180163
2015-01-21 20:30:00,21725.414325395286
2015-01-21 21:00:00,23144.638657810363
2015-01-21 21:30:00,22102.3311986408
2015-01-21 22:00:00,22800.93519056979
2015-01-21 22:30:00,21908.017225433105
2015-01-21 23:00:00,19335.150332752106
2015-01-21 23:30:00,19312.29409763619
2015-01-22 00:00:00,14866.968914274976
2015-01-22 00:30:00,13577.288304332129
2015-01-22 01:00:00,7433.410128086041
2015-01-22 01:30:00,7204.4395554825915
2015-01-22 02:00:00,8176.599789109339
2015-01-22 02:30:00,8281.901734230483
2015-01-22 03:00:00,6079.595879651528
2015-01-22 03:30:00,4158.718233549059
2015-01-22 04:00:00,5959.374217976989
2015-01-22 04:30:00,4181.206337056052
2015-01-22 05:00:00,5878.675301416282
2015-01-22 05:30:00,4195.318918746758
2015-01-22 06:00:00,6233.663209396842
2015-01-22 06:30:00,4967.453905658603
2015-01-22 07:00:00,17971.543398734942
2015-01-22 07:30:00,17494.749971021178
2015-01-22 08:00:00,18223.8930859999
2015-01-22 08:30:00,17687.046517682113
2015-01-22 09:00:00,18222.69449116673
2015-01-22 09:30:00,17763.3700674283
2015-01-22 10:00:00,17253.726369668115
2015-01-22 10:30:00,16795.631331593984
2015-01-22 11:00:00,18366.647220328618
2015-01-22 11:30:00,18083.015406799455
2015-01-22 12:00:00,19490.025514910038
2015-01-22 12:30:00,18087.78036129962
2015-01-22 13:00:00,18164.824789872582
2015-01-22 13:30:00,18106.224789489857
2015-01-22 14:00:00,18305.344372100397
2015-01-22 14:30:00,19003.51149946296
2015-01-22 15:00:00,18405.612883909347
2015-01-22 15:30:00,18192.870440158975
2015-01-22 16:00:00,17314.54640357898
2015-01-22 16:30:00,15625.33205764416
2015-01-22 17:00:00,17608.193734770124
2015-01-22 17:30:00,16918.687463210565
2015-01-22 18:00:00,22733.773132949376
2015-01-22 18:30:00,23472.760506051625
2015-01-22 19:00:00,23536.90416524908
2015-01-22 19:30:00,22510.120013514344
2015-01-22 20:00:00,23631.61727699246
2015-01-22 20:30:00,22527.29259702756
2015-01-22 21:00:00,23989.135329345514
2015-01-22 21:30:00,22961.2843649774
2015-01-22 22:00:00,23783.042870830555
2015-01-22 22:30:00,22883.74734838295
2015-01-22 23:00:00,21242.968230406917
2015-01-22 23:30:00,21163.79645860122
2015-01-23 00:00:00,19481.978234624865
2015-01-23 00:30:00,18053.254394740885
2015-01-23 01:00:00,12815.497976701881
2015-01-23 01:30:00,12784.678247954447
2015-01-23 02:00:00,8379.268949017207
2015-01-23 02:30:00,8489.20809257549
2015-01-23 03:00:00,5903.2271971027185
2015-01-23 03:30:00,4027.6992576233224
2015-01-23 04:00:00,5874.7608404226885
2015-01-23 04:30:00,4136.604069531674
2015-01-23 05:00:00,5753.464674560992
2015-01-23 05:30:00,4108.969578308422
2015-01-23 06:00:00,6054.875312763337
2015-01-23 06:30:00,4713.01628844561
2015-01-23 07:00:00,17696.98675571441
2015-01-23 07:30:00,17257.62730727642
2015-01-23 08:00:00,17964.488760197746
2015-01-23 08:30:00,17473.625082082446
2015-01-23 09:00:00,17830.819507986118
2015-01-23 09:30:00,17412.991931605848
2015-01-23 10:00:00,16959.039011333978
2015-01-23 10:30:00,16542.453448438322
2015-01-23 11:00:00,18232.847335043287
2015-01-23 11:30:00,17995.317839610063
2015-01-23 12:00:00,19515.918778081166
2015-01-23 12:30:00,18026.640004634348
2015-01-23 13:00:00,18343.305481103413
2015-01-23 13:30:00,18219.600030055924
2015-01-23 14:00:00,18432.611436984927
2015-01-23 14:30:00,19071.380624910158
2015-01-23 15:00:00,18521.87062940723
2015-01-23 15:30:00,18260.862558325935
2015-01-23 16:00:00,17281.9109867043
2015-01-23 16:30:00,15569.370665684923
2015-01-23 17:00:00,17566.84808678376
2015-01-23 17:30:00,16894.64646649663
2015-01-23 18:00:00,21689.83410201899
2015-01-23 18:30:00,21806.630285910804
2015-01-23 19:00:00,23304.802005288482
2015-01-23 19:30:00,22454.21017788335
2015-01-23 20:00:00,23462.4268437146
2015-01-23 20:30:00,22585.22422485973
2015-01-23 21:00:00,23837.074134895953
2015-01-23 21:30:00,23043.039699634075
2015-01-23 22:00:00,23706.493775906158
2015-01-23 22:30:00,23031.066950563138
2015-01-23 23:00:00,21338.14965722575
2015-01-23 23:30:00,21453.00047441894
2015-01-24 00:00:00,22330.2303642447
2015-01-24 00:30:00,20471.20612983272
2015-01-24 01:00:00,22033.940829947373
2015-01-24 01:30:00,21585.49440367356
2015-01-24 02:00:00,14699.797305635542
2015-01-24 02:30:00,14463.394300766731
2015-01-24 03:00:00,8977.537896806889
2015-01-24 03:30:00,6697.501616380396
2015-01-24 04:00:00,6839.351527243861
2015-01-24 04:30:00,4775.039457721498
2015-01-24 05:00:00,6367.7259507165
2015-01-24 05:30:00,4444.194932404498
2015-01-24 06:00:00,6271.568976417741
2015-01-24 06:30:00,4546.233351352296
2015-01-24 07:00:00,9357.253611160497
2015-01-24 07:30:00,9173.431463931027
2015-01-24 08:00:00,8990.505339636347
2015-01-24 08:30:00,8812.778487375068
2015-01-24 09:00:00,11093.545643412863
2015-01-24 09:30:00,10928.412599179845
2015-01-24 10:00:00,15956.714133907159
2015-01-24 10:30:00,15683.837683076126
2015-01-24 11:00:00,17825.413283537797
2015-01-24 11:30:00,17674.087102552898
2015-01-24 12:00:00,18218.256634950823
2015-01-24 12:30:00,16764.355151342308
2015-01-24 13:00:00,17863.22507294659
2015-01-24 13:30:00,17599.831443065854
2015-01-24 14:00:00,17916.01014725541
2015-01-24 14:30:00,18429.774425780324
2015-01-24 15:00:00,18021.758878279634
2015-01-24 15:30:00,17641.89684662463
2015-01-24 16:00:00,16659.33441357762
2015-01-24 16:30:00,14872.75320088587
2015-01-24 17:00:00,16710.76797544595
2015-01-24 17:30:00,15992.847190815059
2015-01-24 18:00:00,21425.862382453324
2015-01-24 18:30:00,21388.878945396904
2015-01-24 19:00:00,22514.32981715131
2015-01-24 19:30:00,22087.644859025517
2015-01-24 20:00:00,22577.98217509625
2015-01-24 20:30:00,22123.260128012764
2015-01-24 21:00:00,22890.158237592146
2015-01-24 21:30:00,22493.530359013526
2015-01-24 22:00:00,22805.726082973863
2015-01-24 22:30:00,22540.84896603281
2015-01-24 23:00:00,21347.22432202236
2015-01-24 23:30:00,21463.69094727841
2015-01-25 00:00:00,21956.365788203762
2015-01-25 00:30:00,20100.647732169935
2015-01-25 01:00:00,21572.926418688112
2015-01-25 01:30:00,21102.65013324398
2015-01-25 02:00:00,15228.981392917149
2015-01-25 02:30:00,14965.764600682056
2015-01-25 03:00:00,9938.999988766096
2015-01-25 03:30:00,7705.5037620018375
2015-01-25 04:00:00,7807.704514314285
2015-01-25 04:30:00,5789.922335161568
2015-01-25 05:00:00,7264.446619113293
2015-01-25 05:30:00,5397.602195189777
2015-01-25 06:00:00,6660.4601546614185
2015-01-25 06:30:00,4922.360913301785
2015-01-25 07:00:00,9021.182074989369
2015-01-25 07:30:00,8847.242859191298
2015-01-25 08:00:00,8576.580103316064
2015-01-25 08:30:00,8425.584331187432
2015-01-25 09:00:00,11647.671069118218
2015-01-25 09:30:00,11573.396543148043
2015-01-25 10:00:00,13333.959250855372
2015-01-25 10:30:00,13150.97832371046
2015-01-25 11:00:00,14939.226006394609
2015-01-25 11:30:00,14829.173983034872
2015-01-25 12:00:00,15937.494131644666
2015-01-25 12:30:00,14491.140408731764
2015-01-25 13:00:00,16325.51223583082
2015-01-25 13:30:00,15879.521669107486
2015-01-25 14:00:00,16306.438302020368
2015-01-25 14:30:00,16659.60523651887
2015-01-25 15:00:00,16454.875735199766
2015-01-25 15:30:00,15900.961041745713
2015-01-25 16:00:00,15332.278841470119
2015-01-25 16:30:00,13799.595245960494
2015-01-25 17:00:00,15390.098640622826
2015-01-25 17:30:00,14983.366073819305
2015-01-25 18:00:00,15411.074133384607
2015-01-25 18:30:00,16471.315529048006
2015-01-25 19:00:00,14165.648916559421
2015-01-25 19:30:00,15013.598836694837
2015-01-25 20:00:00,14153.309044045642
2015-01-25 20:30:00,14988.279703474938
2015-01-25 21:00:00,14145.45227998301
2015-01-25 21:30:00,14979.605919337851
2015-01-25 22:00:00,13646.153991949252
2015-01-25 22:30:00,14387.499724035306
2015-01-25 23:00:00,14837.205809337182
2015-01-25 23:30:00,15609.013627986604
2015-01-26 00:00:00,7899.31590032388
2015-01-26 00:30:00,7955.953462101232
2015-01-26 01:00:00,6482.778991679292
2015-01-26 01:30:00,6085.1793014921
2015-01-26 02:00:00,3460.369007027838
2015-01-26 02:30:00,3462.864017128836
2015-01-26 03:00:00,2992.072964546867
2015-01-26 03:30:00,2853.1296266407585
2015-01-26 04:00:00,2943.1445453391334
2015-01-26 04:30:00,2814.8941996488006
2015-01-26 05:00:00,4306.722670180512
2015-01-26 05:30:00,4337.321144728127
2015-01-26 06:00:00,7237.227919932735
2015-01-26 06:30:00,7635.696636702451
2015-01-26 07:00:00,18880.035565058854
2015-01-26 07:30:00,18417.2461034175
2015-01-26 08:00:00,19187.857182392625
2015-01-26 08:30:00,18638.69168026398
2015-01-26 09:00:00,18408.355859876705
2015-01-26 09:30:00,17886.345887888612
2015-01-26 10:00:00,17557.25592304083
2015-01-26 10:30:00,17052.053901909352
2015-01-26 11:00:00,18502.393190322604
2015-01-26 11:30:00,18158.375812131657
2015-01-26 12:00:00,19259.23218408696
2015-01-26 12:30:00,17976.987935933525
2015-01-26 13:00:00,17645.054569015563
2015-01-26 13:30:00,17714.740255355962
2015-01-26 14:00:00,17834.57209296136
2015-01-26 14:30:00,18678.95850729155
2015-01-26 15:00:00,17929.373193640193
2015-01-26 15:30:00,17802.201528120866
2015-01-26 16:00:00,17662.607284871432
2015-01-26 16:30:00,17140.714831768153
2015-01-26 17:00:00,16457.375995082588
2015-01-26 17:30:00,15869.228528239548
2015-01-26 18:00:00,22375.950545455817
2015-01-26 18:30:00,23302.58490841694
2015-01-26 19:00:00,22771.79489169215
2015-01-26 19:30:00,22545.734033488643
2015-01-26 20:00:00,22570.236128648106
2015-01-26 20:30:00,22233.33069477118
2015-01-26 21:00:00,17500.555312275854
2015-01-26 21:30:00,17210.919223613757
2015-01-26 22:00:00,17299.787119180528
2015-01-26 22:30:00,17146.69641805753
2015-01-26 23:00:00,16565.95408105069
2015-01-26 23:30:00,16431.064668379582
2015-01-27 00:00:00,7702.492667403495
2015-01-27 00:30:00,7860.207513222939
2015-01-27 01:00:00,6134.757542536572
2015-01-27 01:30:00,5968.03048139499
2015-01-27 02:00:00,3165.6660368532453
2015-01-27 02:30:00,3415.9308666466286
2015-01-27 03:00:00,2622.942052188006
2015-01-27 03:30:00,2710.049913075513
2015-01-27 04:00:00,2584.441364703532
2015-01-27 04:30:00,2676.006632384462
2015-01-27 05:00:00,3946.6736311906384
2015-01-27 05:30:00,4158.475628800729
2015-01-27 06:00:00,7121.601697035278
2015-01-27 06:30:00,7581.602259507232
2015-01-27 07:00:00,18909.528424853484
2015-01-27 07:30:00,18460.367007212823
2015-01-27 08:00:00,19234.867983143937
2015-01-27 08:30:00,18695.72880797144
2015-01-27 09:00:00,18452.12529548126
2015-01-27 09:30:00,17960.334584650693
2015-01-27 10:00:00,17584.203964696557
2015-01-27 10:30:00,17090.17885536609
2015-01-27 11:00:00,18630.725452652907
2015-01-27 11:30:00,18288.41330722646
2015-01-27 12:00:00,19428.01002113435
2015-01-27 12:30:00,18150.485068694314
2015-01-27 13:00:00,17065.676427571303
2015-01-27 13:30:00,17157.90449016943
2015-01-27 14:00:00,17039.126919221315
2015-01-27 14:30:00,17894.78029160136
2015-01-27 15:00:00,17376.840828729728
2015-01-27 15:30:00,17251.808055203568
2015-01-27 16:00:00,17803.38760405576
2015-01-27 16:30:00,17270.216291139768
2015-01-27 17:00:00,16570.475551337302
2015-01-27 17:30:00,15973.973331766078
2015-01-27 18:00:00,22377.503794206892
2015-01-27 18:30:00,22908.51000983816
2015-01-27 19:00:00,22763.746810064174
2015-01-27 19:30:00,22024.134057797477
2015-01-27 20:00:00,22798.9265713325
2015-01-27 20:30:00,21958.700168836996
2015-01-27 21:00:00,21332.29027339872
2015-01-27 21:30:00,20551.38448593659
2015-01-27 22:00:00,21033.029983396013
2015-01-27 22:30:00,20409.74150615846
2015-01-27 23:00:00,19337.295322485683
2015-01-27 23:30:00,19156.77979394603
2015-01-28 00:00:00,10165.801385114475
2015-01-28 00:30:00,10317.14413369317
2015-01-28 01:00:00,6399.335566756512
2015-01-28 01:30:00,6206.037025711482
2015-01-28 02:00:00,7180.516799695508
2015-01-28 02:30:00,7296.213661471049
2015-01-28 03:00:00,6383.853873633565
2015-01-28 03:30:00,4665.47644765356
2015-01-28 04:00:00,5976.770044366626
2015-01-28 04:30:00,4343.5225871331995
2015-01-28 05:00:00,6035.494742339257
2015-01-28 05:30:00,4475.5113003576
2015-01-28 06:00:00,6746.366943427137
2015-01-28 06:30:00,5467.621054385413
2015-01-28 07:00:00,18664.47362794086
2015-01-28 07:30:00,18180.458765359966
2015-01-28 08:00:00,18889.85254046323
2015-01-28 08:30:00,18336.23452563136
2015-01-28 09:00:00,18062.33990094703
2015-01-28 09:30:00,17597.23209694209
2015-01-28 10:00:00,17337.125258550095
2015-01-28 10:30:00,16874.398818415222
2015-01-28 11:00:00,18435.71515259062
2015-01-28 11:30:00,18132.317810176573
2015-01-28 12:00:00,18902.001354134765
2015-01-28 12:30:00,17779.200884613405
2015-01-28 13:00:00,16671.935324961945
2015-01-28 13:30:00,16825.56300975326
2015-01-28 14:00:00,16594.089716538416
2015-01-28 14:30:00,17502.758423205378
2015-01-28 15:00:00,16939.188013703693
2015-01-28 15:30:00,16891.29737390459
2015-01-28 16:00:00,16732.73272925722
2015-01-28 16:30:00,15359.578137180064
2015-01-28 17:00:00,17044.352016152938
2015-01-28 17:30:00,16620.02372260521
2015-01-28 18:00:00,22428.210176676348
2015-01-28 18:30:00,22983.31051987504
2015-01-28 19:00:00,23143.27302636007
2015-01-28 19:30:00,21949.00940120423
2015-01-28 20:00:00,23199.54127327998
2015-01-28 20:30:00,21922.587320251336
2015-01-28 21:00:00,23458.81147662777
2015-01-28 21:30:00,22257.01286699908
2015-01-28 22:00:00,23138.960483793988
2015-01-28 22:30:00,22096.56403076993
2015-01-28 23:00:00,19804.909760250535
2015-01-28 23:30:00,19630.381589045868
2015-01-29 00:00:00,14754.674243363972
2015-01-29 00:30:00,13468.264041991233
2015-01-29 01:00:00,7540.116547226466
2015-01-29 01:30:00,7330.020744215364
2015-01-29 02:00:00,8278.251094068173
2015-01-29 02:30:00,8393.003229679214
2015-01-29 03:00:00,6063.958585343064
2015-01-29 03:30:00,4242.041730415853
2015-01-29 04:00:00,6003.943957216054
2015-01-29 04:30:00,4326.942231850563
2015-01-29 05:00:00,5935.615180971773
2015-01-29 05:30:00,4368.963433640717
2015-01-29 06:00:00,6373.094579943718
2015-01-29 06:30:00,5128.142864250879
2015-01-29 07:00:00,16761.5320273497
2015-01-29 07:30:00,16322.119483661429
2015-01-29 08:00:00,17024.793691588406
2015-01-29 08:30:00,16528.261249879783
2015-01-29 09:00:00,17149.36887448615
2015-01-29 09:30:00,16753.395277436386
2015-01-29 10:00:00,15706.967806951568
2015-01-29 10:30:00,15288.23795526961
2015-01-29 11:00:00,16705.851917498905
2015-01-29 11:30:00,16431.762675836082
2015-01-29 12:00:00,18866.387687858372
2015-01-29 12:30:00,17668.788780884966
2015-01-29 13:00:00,16730.967731674158
2015-01-29 13:30:00,16835.93067461864
2015-01-29 14:00:00,16624.38809915527
2015-01-29 14:30:00,17503.429432166704
2015-01-29 15:00:00,17002.43977033133
2015-01-29 15:30:00,16983.911188492388
2015-01-29 16:00:00,16718.998781176408
2015-01-29 16:30:00,15302.725515999404
2015-01-29 17:00:00,17033.660757946996
2015-01-29 17:30:00,16583.565080815966
2015-01-29 18:00:00,23050.57580446411
2015-01-29 18:30:00,23642.31535826055
2015-01-29 19:00:00,23884.700582068977
2015-01-29 19:30:00,22709.545179974506
2015-01-29 20:00:00,23998.82458793133
2015-01-29 20:30:00,22782.193940387635
2015-01-29 21:00:00,24307.413100971906
2015-01-29 21:30:00,23177.29518290897
2015-01-29 22:00:00,24118.325451522964
2015-01-29 22:30:00,23107.969945381952
2015-01-29 23:00:00,21620.709015814326
2015-01-29 23:30:00,21428.203018779335
2015-01-30 00:00:00,19642.380521091047
2015-01-30 00:30:00,18210.69328529298
2015-01-30 01:00:00,12821.566291559997
2015-01-30 01:30:00,12801.094608865633
2015-01-30 02:00:00,8386.376986415642
2015-01-30 02:30:00,8501.163985457744
2015-01-30 03:00:00,5800.119392487209
2015-01-30 03:30:00,4312.765596559745
2015-01-30 04:00:00,5807.789740376293
2015-01-30 04:30:00,4460.861884796501
2015-01-30 05:00:00,5694.086584946322
2015-01-30 05:30:00,4457.746345405472
2015-01-30 06:00:00,5977.620365114998
2015-01-30 06:30:00,5031.902981122448
2015-01-30 07:00:00,16551.68091147867
2015-01-30 07:30:00,16145.634181408037
2015-01-30 08:00:00,16819.151809435403
2015-01-30 08:30:00,16373.509126947569
2015-01-30 09:00:00,16839.383028302793
2015-01-30 09:30:00,16480.095340969805
2015-01-30 10:00:00,15496.711688921507
2015-01-30 10:30:00,15114.873418568537
2015-01-30 11:00:00,16672.561243936172
2015-01-30 11:30:00,16439.227604717653
2015-01-30 12:00:00,18890.32320036702
2015-01-30 12:30:00,17617.877343412707
2015-01-30 13:00:00,16900.342466466518
2015-01-30 13:30:00,16954.84607066221
2015-01-30 14:00:00,16752.12478117288
2015-01-30 14:30:00,17587.000238854067
2015-01-30 15:00:00,17124.21075822585
2015-01-30 15:30:00,17074.067814032333
2015-01-30 16:00:00,16744.638725574765
2015-01-30 16:30:00,15306.762432582105
2015-01-30 17:00:00,16558.542575559393
2015-01-30 17:30:00,16131.006165496228
2015-01-30 18:00:00,22016.312614030758
2015-01-30 18:30:00,22000.88434781913
2015-01-30 19:00:00,23641.893139193624
2015-01-30 19:30:00,22651.065530387412
2015-01-30 20:00:00,23822.111704121624
2015-01-30 20:30:00,22843.907456236753
2015-01-30 21:00:00,24170.117731332208
2015-01-30 21:30:00,23285.913053273536
2015-01-30 22:00:00,24035.840892490112
2015-01-30 22:30:00,23266.94628927266
2015-01-30 23:00:00,21708.78984395761
2015-01-30 23:30:00,21726.779139507733
2015-01-31 00:00:00,22485.090709136497
2015-01-31 00:30:00,20627.059923295736
2015-01-31 01:00:00,22027.692809827022
2015-01-31 01:30:00,21588.320935089272
2015-01-31 02:00:00,14520.815043090943
2015-01-31 02:30:00,14287.102525408622
2015-01-31 03:00:00,8702.657651125714
2015-01-31 03:30:00,6793.20367986866
2015-01-31 04:00:00,6775.775842798926
2015-01-31 04:30:00,5091.13956813363
2015-01-31 05:00:00,6311.530337688148
2015-01-31 05:30:00,4775.995220281091
2015-01-31 06:00:00,6206.258479454251
2015-01-31 06:30:00,4870.4007528541915
2015-01-31 07:00:00,10233.441949998896
2015-01-31 07:30:00,10045.510956233671
2015-01-31 08:00:00,9875.217399917377
2015-01-31 08:30:00,9692.219774988145
2015-01-31 09:00:00,11814.367875628612
2015-01-31 09:30:00,11656.161703728629
2015-01-31 10:00:00,14345.244684024641
2015-01-31 10:30:00,14081.96429277953
2015-01-31 11:00:00,16113.862786496922
2015-01-31 11:30:00,15951.998864196516
2015-01-31 12:00:00,18005.454561392053
2015-01-31 12:30:00,16712.84979578343
2015-01-31 13:00:00,16774.74030388149
2015-01-31 13:30:00,16695.143259586916
2015-01-31 14:00:00,16598.24021163396
2015-01-31 14:30:00,17311.83669030536
2015-01-31 15:00:00,16974.991366693488
2015-01-31 15:30:00,16810.166858414064
2015-01-31 16:00:00,16528.285275318496
2015-01-31 16:30:00,14968.821182891055
2015-01-31 17:00:00,16120.976707486641
2015-01-31 17:30:00,15596.011151538327
2015-01-31 18:00:00,21757.259199580334
2015-01-31 18:30:00,21596.477822529254
2015-01-31 19:00:00,22847.020852807338
2015-01-31 19:30:00,22278.35528576
2015-01-31 20:00:00,22938.665210847423
2015-01-31 20:30:00,22379.296814937785
2015-01-31 21:00:00,23225.97131429872
2015-01-31 21:30:00,22739.16899090586
2015-01-31 22:00:00,23133.18173412047
2015-01-31 22:30:00,22774.516045690903
2015-01-31 23:00:00,21704.789156056944
2015-01-31 23:30:00,21725.33987185031
