timestamp,value
2014-12-20 00:00:00,23049.87840393523
2014-12-20 00:30:00,20632.861958570906
2014-12-20 01:00:00,19759.498211613383
2014-12-20 01:30:00,14390.33249648838
2014-12-20 02:00:00,17907.244749264948
2014-12-20 02:30:00,14433.422316761289
2014-12-20 03:00:00,14522.830041224453
2014-12-20 03:30:00,13564.252476205427
2014-12-20 04:00:00,14522.830041224453
2014-12-20 04:30:00,13564.252476205427
2014-12-20 05:00:00,-332.71745708712666
2014-12-20 05:30:00,-657.3541755557629
2014-12-20 06:00:00,77.81870083730273
2014-12-20 06:30:00,1168.602546977526
2014-12-20 07:00:00,16378.023792039625
2014-12-20 07:30:00,16378.023792039625
2014-12-20 08:00:00,16743.24392583176
2014-12-20 08:30:00,16743.24392583176
2014-12-20 09:00:00,19038.25291415342
2014-12-20 09:30:00,19109.272270194804
2014-12-20 10:00:00,19038.25291415342
2014-12-20 10:30:00,19109.272270194804
2014-12-20 11:00:00,21113.056465050646
2014-12-20 11:30:00,21184.07582109203
2014-12-20 12:00:00,22604.34518314493
2014-12-20 12:30:00,22717.25835748407
2014-12-20 13:00:00,22123.037132733592
2014-12-20 13:30:00,21749.073583965943
2014-12-20 14:00:00,22299.865111769315
2014-12-20 14:30:00,22412.778286108456
2014-12-20 15:00:00,21587.01338795522
2014-12-20 15:30:00,21699.92656229436
2014-12-20 16:00:00,21587.01338795522
2014-12-20 16:30:00,21699.92656229436
2014-12-20 17:00:00,22409.5823918819
2014-12-20 17:30:00,22514.833685744205
2014-12-20 18:00:00,26672.69264119619
2014-12-20 18:30:00,27151.907483826144
2014-12-20 19:00:00,26859.455776827832
2014-12-20 19:30:00,27338.670619457786
2014-12-20 20:00:00,26859.455776827832
2014-12-20 20:30:00,27338.670619457786
2014-12-20 21:00:00,26859.455776827832
2014-12-20 21:30:00,27338.670619457786
2014-12-20 22:00:00,27093.886764996438
2014-12-20 22:30:00,27573.10160762639
2014-12-20 23:00:00,23980.14752350312
2014-12-20 23:30:00,24459.362366133075
2014-12-21 00:00:00,23049.87840393523
2014-12-21 00:30:00,21644.18109723984
2014-12-21 01:00:00,20210.764214234452
2014-12-21 01:30:00,15852.917637778384
2014-12-21 02:00:00,16146.804281636503
2014-12-21 02:30:00,12110.776097119013
2014-12-21 03:00:00,13752.872566579526
2014-12-21 03:30:00,12232.089249546667
2014-12-21 04:00:00,13752.872566579526
2014-12-21 04:30:00,12232.089249546667
2014-12-21 05:00:00,-365.5249498902837
2014-12-21 05:30:00,-690.16166835892
2014-12-21 06:00:00,-350.3218490061101
2014-12-21 06:30:00,740.461997134113
2014-12-21 07:00:00,11448.885359407079
2014-12-21 07:30:00,11448.885359407079
2014-12-21 08:00:00,11814.105493199211
2014-12-21 08:30:00,11814.105493199211
2014-12-21 09:00:00,14109.114481520875
2014-12-21 09:30:00,14180.133837562256
2014-12-21 10:00:00,14109.114481520875
2014-12-21 10:30:00,14180.133837562256
2014-12-21 11:00:00,16183.918032418098
2014-12-21 11:30:00,16254.93738845948
2014-12-21 12:00:00,17079.74324480417
2014-12-21 12:30:00,16705.77969603652
2014-12-21 13:00:00,19471.251738845367
2014-12-21 13:30:00,19097.288190077717
2014-12-21 14:00:00,18929.09425196802
2014-12-21 14:30:00,18555.13070320037
2014-12-21 15:00:00,18216.242528153925
2014-12-21 15:30:00,17842.278979386276
2014-12-21 16:00:00,18216.242528153925
2014-12-21 16:30:00,17842.278979386276
2014-12-21 17:00:00,18216.242528153925
2014-12-21 17:30:00,17842.278979386276
2014-12-21 18:00:00,19044.51432634593
2014-12-21 18:30:00,19545.006379070383
2014-12-21 19:00:00,19231.27746197757
2014-12-21 19:30:00,19731.769514702024
2014-12-21 20:00:00,19231.27746197757
2014-12-21 20:30:00,19731.769514702024
2014-12-21 21:00:00,16882.83500939518
2014-12-21 21:30:00,16882.83500939518
2014-12-21 22:00:00,17117.265997563787
2014-12-21 22:30:00,17117.265997563787
2014-12-21 23:00:00,12037.68130643106
2014-12-21 23:30:00,12037.68130643106
2014-12-22 00:00:00,10659.421154441816
2014-12-22 00:30:00,7824.28431392522
2014-12-22 01:00:00,3125.4928574942646
2014-12-22 01:30:00,2588.416915399983
2014-12-22 02:00:00,2675.5856622313763
2014-12-22 02:30:00,3679.5859883446096
2014-12-22 03:00:00,4732.436310092083
2014-12-22 03:30:00,3679.5859883446096
2014-12-22 04:00:00,5120.160322126517
2014-12-22 04:30:00,3159.3702079002437
2014-12-22 05:00:00,2774.5079071233326
2014-12-22 05:30:00,3380.0062982752493
2014-12-22 06:00:00,3990.6622805718525
2014-12-22 06:30:00,7175.701559065533
2014-12-22 07:00:00,20593.91640629503
2014-12-22 07:30:00,20593.91640629503
2014-12-22 08:00:00,20593.91640629503
2014-12-22 08:30:00,20593.91640629503
2014-12-22 09:00:00,20593.91640629503
2014-12-22 09:30:00,20593.91640629503
2014-12-22 10:00:00,21272.487747451523
2014-12-22 10:30:00,21551.64895791389
2014-12-22 11:00:00,21401.70909877315
2014-12-22 11:30:00,21680.870309235517
2014-12-22 12:00:00,21056.469041363005
2014-12-22 12:30:00,20031.62118119829
2014-12-22 13:00:00,21613.983980864567
2014-12-22 13:30:00,20589.13612069985
2014-12-22 14:00:00,20751.98896998739
2014-12-22 14:30:00,19727.141109822678
2014-12-22 15:00:00,20447.070491773626
2014-12-22 15:30:00,19422.22263160891
2014-12-22 16:00:00,19795.225963344394
2014-12-22 16:30:00,18770.37810317968
2014-12-22 17:00:00,20764.854474353408
2014-12-22 17:30:00,19630.948274615996
2014-12-22 18:00:00,24310.658561379576
2014-12-22 18:30:00,23550.715910409814
2014-12-22 19:00:00,24497.421697011217
2014-12-22 19:30:00,23737.479046041455
2014-12-22 20:00:00,24497.421697011217
2014-12-22 20:30:00,23737.479046041455
2014-12-22 21:00:00,24497.421697011217
2014-12-22 21:30:00,23737.479046041455
2014-12-22 22:00:00,24674.4160212996
2014-12-22 22:30:00,23914.473370329837
2014-12-22 23:00:00,14258.804409767725
2014-12-22 23:30:00,13498.861758797959
2014-12-23 00:00:00,9939.584004244613
2014-12-23 00:30:00,7104.447163728019
2014-12-23 01:00:00,1169.9888782408284
2014-12-23 01:30:00,632.912936146546
2014-12-23 02:00:00,720.0816829779399
2014-12-23 02:30:00,1724.082009091173
2014-12-23 03:00:00,3673.516055718437
2014-12-23 03:30:00,2620.665733970963
2014-12-23 04:00:00,4748.071497338343
2014-12-23 04:30:00,2787.281383112069
2014-12-23 05:00:00,2402.4190823351587
2014-12-23 05:30:00,3007.9174734870744
2014-12-23 06:00:00,3268.3566718804127
2014-12-23 06:30:00,6453.3959503740925
2014-12-23 07:00:00,20593.91640629503
2014-12-23 07:30:00,20593.91640629503
2014-12-23 08:00:00,20593.91640629503
2014-12-23 08:30:00,20593.91640629503
2014-12-23 09:00:00,20593.91640629503
2014-12-23 09:30:00,20593.91640629503
2014-12-23 10:00:00,21272.487747451523
2014-12-23 10:30:00,21551.64895791389
2014-12-23 11:00:00,21401.70909877315
2014-12-23 11:30:00,21680.870309235517
2014-12-23 12:00:00,21056.469041363005
2014-12-23 12:30:00,20031.62118119829
2014-12-23 13:00:00,21613.983980864567
2014-12-23 13:30:00,20589.13612069985
2014-12-23 14:00:00,20751.98896998739
2014-12-23 14:30:00,19727.141109822678
2014-12-23 15:00:00,20447.070491773626
2014-12-23 15:30:00,19422.22263160891
2014-12-23 16:00:00,19795.225963344394
2014-12-23 16:30:00,18770.37810317968
2014-12-23 17:00:00,20797.24653575753
2014-12-23 17:30:00,19907.92681476335
2014-12-23 18:00:00,25115.19826536551
2014-12-23 18:30:00,24599.842093138977
2014-12-23 19:00:00,25301.961400997152
2014-12-23 19:30:00,26078.09334517351
2014-12-23 20:00:00,25301.961400997152
2014-12-23 20:30:00,26078.09334517351
2014-12-23 21:00:00,25301.961400997152
2014-12-23 21:30:00,26078.09334517351
2014-12-23 22:00:00,25478.955725285534
2014-12-23 22:30:00,24821.454320791225
2014-12-23 23:00:00,14291.196471171845
2014-12-23 23:30:00,13633.695066677537
2014-12-24 00:00:00,8927.340723917896
2014-12-24 00:30:00,6092.203883401301
2014-12-24 01:00:00,-671.0624477219947
2014-12-24 01:30:00,-575.0019140875615
2014-12-24 02:00:00,-671.0624477219947
2014-12-24 02:30:00,-575.0019140875615
2014-12-24 03:00:00,1356.0927126501567
2014-12-24 03:30:00,-1218.2271844496815
2014-12-24 04:00:00,1356.0927126501567
2014-12-24 04:30:00,-1218.2271844496815
2014-12-24 05:00:00,-387.5314647133144
2014-12-24 05:30:00,-395.5628564349625
2014-12-24 06:00:00,3044.9483652465437
2014-12-24 06:30:00,6229.987643740224
2014-12-24 07:00:00,20791.03484387647
2014-12-24 07:30:00,21057.238673624932
2014-12-24 08:00:00,20791.03484387647
2014-12-24 08:30:00,21057.238673624932
2014-12-24 09:00:00,20791.03484387647
2014-12-24 09:30:00,21057.238673624932
2014-12-24 10:00:00,21469.606185032964
2014-12-24 10:30:00,22014.971225243793
2014-12-24 11:00:00,20175.599991816216
2014-12-24 11:30:00,22281.36014854272
2014-12-24 12:00:00,22613.531465642984
2014-12-24 12:30:00,21397.421349350185
2014-12-24 13:00:00,22309.051394267368
2014-12-24 13:30:00,21092.941277974573
2014-12-24 14:00:00,22309.051394267368
2014-12-24 14:30:00,21092.941277974573
2014-12-24 15:00:00,22093.743892890867
2014-12-24 15:30:00,21719.780344123217
2014-12-24 16:00:00,22093.743892890867
2014-12-24 16:30:00,21719.780344123217
2014-12-24 17:00:00,22073.28235558157
2014-12-24 17:30:00,20847.70881106099
2014-12-24 18:00:00,24430.214803450894
2014-12-24 18:30:00,23578.604807697964
2014-12-24 19:00:00,24616.977939082535
2014-12-24 19:30:00,25056.856059732498
2014-12-24 20:00:00,24868.195008594015
2014-12-24 20:30:00,25308.073129243978
2014-12-24 21:00:00,24868.195008594015
2014-12-24 21:30:00,25308.073129243978
2014-12-24 22:00:00,25437.500791777777
2014-12-24 22:30:00,24443.74556375707
2014-12-24 23:00:00,14627.450294698243
2014-12-24 23:30:00,13633.695066677537
2014-12-25 00:00:00,8927.340723917896
2014-12-25 00:30:00,6092.203883401301
2014-12-25 01:00:00,-83.34757962546733
2014-12-25 01:30:00,12.712954008965797
2014-12-25 02:00:00,-83.34757962546733
2014-12-25 02:30:00,12.712954008965797
2014-12-25 03:00:00,1943.807580746684
2014-12-25 03:30:00,-630.5123163531542
2014-12-25 04:00:00,1943.807580746684
2014-12-25 04:30:00,-630.5123163531542
2014-12-25 05:00:00,200.1834033832129
2014-12-25 05:30:00,192.15201166156484
2014-12-25 06:00:00,3044.9483652465437
2014-12-25 06:30:00,6229.987643740224
2014-12-25 07:00:00,20758.131509409337
2014-12-25 07:30:00,21394.915577698204
2014-12-25 08:00:00,20758.131509409337
2014-12-25 08:30:00,21394.915577698204
2014-12-25 09:00:00,20758.131509409337
2014-12-25 09:30:00,21394.915577698204
2014-12-25 10:00:00,21099.02594649256
2014-12-25 10:30:00,22014.971225243793
2014-12-25 11:00:00,20175.599991816216
2014-12-25 11:30:00,22281.36014854272
2014-12-25 12:00:00,22613.531465642984
2014-12-25 12:30:00,21397.421349350185
2014-12-25 13:00:00,22309.051394267368
2014-12-25 13:30:00,21092.941277974573
2014-12-25 14:00:00,22309.051394267368
2014-12-25 14:30:00,21092.941277974573
2014-12-25 15:00:00,22093.743892890867
2014-12-25 15:30:00,21719.780344123217
2014-12-25 16:00:00,22093.743892890867
2014-12-25 16:30:00,21719.780344123217
2014-12-25 17:00:00,22409.5823918819
2014-12-25 17:30:00,22514.833685744205
2014-12-25 18:00:00,24766.514839751224
2014-12-25 18:30:00,25245.729682381178
2014-12-25 19:00:00,24953.277975382865
2014-12-25 19:30:00,25432.49281801282
2014-12-25 20:00:00,25204.495044894345
2014-12-25 20:30:00,25683.7098875243
2014-12-25 21:00:00,25204.495044894345
2014-12-25 21:30:00,25683.7098875243
2014-12-25 22:00:00,25773.800828078107
2014-12-25 22:30:00,26253.01567070806
2014-12-25 23:00:00,16168.951715349143
2014-12-25 23:30:00,16648.1665579791
2014-12-26 00:00:00,16652.25777126858
2014-12-26 00:30:00,10830.688382971859
2014-12-26 01:00:00,19478.912080863854
2014-12-26 01:30:00,10810.366426890025
2014-12-26 02:00:00,14265.055652513542
2014-12-26 02:30:00,8733.306951548955
2014-12-26 03:00:00,11749.81078502891
2014-12-26 03:30:00,8733.306951548955
2014-12-26 04:00:00,11749.81078502891
2014-12-26 04:30:00,8733.306951548955
2014-12-26 05:00:00,411.4702873557109
2014-12-26 05:30:00,692.331960038991
2014-12-26 06:00:00,2734.9152725854055
2014-12-26 06:30:00,6294.103586866052
2014-12-26 07:00:00,20142.759065496677
2014-12-26 07:30:00,21394.915577698204
2014-12-26 08:00:00,20142.759065496677
2014-12-26 08:30:00,21394.915577698204
2014-12-26 09:00:00,20142.759065496677
2014-12-26 09:30:00,21394.915577698204
2014-12-26 10:00:00,20483.6535025799
2014-12-26 10:30:00,22014.971225243793
2014-12-26 11:00:00,20175.599991816216
2014-12-26 11:30:00,22281.36014854272
2014-12-26 12:00:00,22604.34518314493
2014-12-26 12:30:00,22717.25835748407
2014-12-26 13:00:00,22123.037132733592
2014-12-26 13:30:00,21749.073583965943
2014-12-26 14:00:00,22299.865111769315
2014-12-26 14:30:00,22412.778286108456
2014-12-26 15:00:00,21587.01338795522
2014-12-26 15:30:00,21699.92656229436
2014-12-26 16:00:00,21587.01338795522
2014-12-26 16:30:00,21699.92656229436
2014-12-26 17:00:00,22409.5823918819
2014-12-26 17:30:00,22514.833685744205
2014-12-26 18:00:00,25708.8920196354
2014-12-26 18:30:00,26188.106862265355
2014-12-26 19:00:00,25895.655155267043
2014-12-26 19:30:00,26374.869997896996
2014-12-26 20:00:00,26146.872224778523
2014-12-26 20:30:00,26626.087067408476
2014-12-26 21:00:00,26146.872224778523
2014-12-26 21:30:00,26626.087067408476
2014-12-26 22:00:00,26716.178007962284
2014-12-26 22:30:00,27195.392850592238
2014-12-26 23:00:00,23980.14752350312
2014-12-26 23:30:00,24459.362366133075
2014-12-27 00:00:00,23049.87840393523
2014-12-27 00:30:00,20632.861958570906
2014-12-27 01:00:00,19759.498211613383
2014-12-27 01:30:00,14390.33249648838
2014-12-27 02:00:00,17907.244749264948
2014-12-27 02:30:00,14433.422316761289
2014-12-27 03:00:00,14522.830041224453
2014-12-27 03:30:00,13564.252476205427
2014-12-27 04:00:00,14522.830041224453
2014-12-27 04:30:00,13564.252476205427
2014-12-27 05:00:00,-332.71745708712666
2014-12-27 05:30:00,-657.3541755557629
2014-12-27 06:00:00,77.81870083730273
2014-12-27 06:30:00,1168.602546977526
2014-12-27 07:00:00,16378.023792039625
2014-12-27 07:30:00,16378.023792039625
2014-12-27 08:00:00,16743.24392583176
2014-12-27 08:30:00,16743.24392583176
2014-12-27 09:00:00,19038.25291415342
2014-12-27 09:30:00,19109.272270194804
2014-12-27 10:00:00,19038.25291415342
2014-12-27 10:30:00,19109.272270194804
2014-12-27 11:00:00,21113.056465050646
2014-12-27 11:30:00,21184.07582109203
2014-12-27 12:00:00,21050.72966621323
2014-12-27 12:30:00,21163.642840552366
2014-12-27 13:00:00,21170.894901066964
2014-12-27 13:30:00,20796.931352299314
2014-12-27 14:00:00,21347.722880102687
2014-12-27 14:30:00,21460.636054441828
2014-12-27 15:00:00,21042.804401888923
2014-12-27 15:30:00,21155.717576228064
2014-12-27 16:00:00,20441.33111662385
2014-12-27 16:30:00,20554.24429096299
2014-12-27 17:00:00,20332.424127656483
2014-12-27 17:30:00,19958.460578888833
2014-12-27 18:00:00,24777.416026741357
2014-12-27 18:30:00,24777.416026741357
2014-12-27 19:00:00,24964.179162373
2014-12-27 19:30:00,24964.179162373
2014-12-27 20:00:00,25215.396231884475
2014-12-27 20:30:00,25215.396231884475
2014-12-27 21:00:00,25215.396231884475
2014-12-27 21:30:00,25215.396231884475
2014-12-27 22:00:00,25784.70201506824
2014-12-27 22:30:00,25784.70201506824
2014-12-27 23:00:00,23048.671530609074
2014-12-27 23:30:00,23048.671530609074
2014-12-28 00:00:00,23049.87840393523
2014-12-28 00:30:00,21644.18109723984
2014-12-28 01:00:00,20210.764214234452
2014-12-28 01:30:00,15852.917637778384
2014-12-28 02:00:00,15100.616486874927
2014-12-28 02:30:00,11626.79405437127
2014-12-28 03:00:00,12706.68477181795
2014-12-28 03:30:00,11748.107206798924
2014-12-28 04:00:00,12706.68477181795
2014-12-28 04:30:00,11748.107206798924
2014-12-28 05:00:00,-365.5249498902837
2014-12-28 05:30:00,-690.16166835892
2014-12-28 06:00:00,-350.3218490061101
2014-12-28 06:30:00,740.461997134113
2014-12-28 07:00:00,11448.885359407079
2014-12-28 07:30:00,11448.885359407079
2014-12-28 08:00:00,11814.105493199211
2014-12-28 08:30:00,11814.105493199211
2014-12-28 09:00:00,14109.114481520875
2014-12-28 09:30:00,14180.133837562256
2014-12-28 10:00:00,14109.114481520875
2014-12-28 10:30:00,14180.133837562256
2014-12-28 11:00:00,16183.918032418098
2014-12-28 11:30:00,16254.93738845948
2014-12-28 12:00:00,15526.127727872466
2014-12-28 12:30:00,15152.164179104817
2014-12-28 13:00:00,18519.10950717874
2014-12-28 13:30:00,18145.14595841109
2014-12-28 14:00:00,17976.952020301396
2014-12-28 14:30:00,17602.988471533747
2014-12-28 15:00:00,17672.03354208763
2014-12-28 15:30:00,17298.06999331998
2014-12-28 16:00:00,17070.560256822555
2014-12-28 16:30:00,16696.596708054905
2014-12-28 17:00:00,17070.560256822555
2014-12-28 17:30:00,16696.596708054905
2014-12-28 18:00:00,18080.71370478514
2014-12-28 18:30:00,18581.205757509593
2014-12-28 19:00:00,18267.47684041678
2014-12-28 19:30:00,18767.968893141235
2014-12-28 20:00:00,18518.69390992826
2014-12-28 20:30:00,19019.18596265271
2014-12-28 21:00:00,16170.251457345868
2014-12-28 21:30:00,16170.251457345868
2014-12-28 22:00:00,16739.557240529633
2014-12-28 22:30:00,16739.557240529633
2014-12-28 23:00:00,12037.68130643106
2014-12-28 23:30:00,12037.68130643106
2014-12-29 00:00:00,10659.421154441816
2014-12-29 00:30:00,7824.28431392522
2014-12-29 01:00:00,3125.4928574942646
2014-12-29 01:30:00,2588.416915399983
2014-12-29 02:00:00,2675.5856622313763
2014-12-29 02:30:00,3679.5859883446096
2014-12-29 03:00:00,4732.436310092083
2014-12-29 03:30:00,3679.5859883446096
2014-12-29 04:00:00,5120.160322126517
2014-12-29 04:30:00,3159.3702079002437
2014-12-29 05:00:00,2774.5079071233326
2014-12-29 05:30:00,3380.0062982752493
2014-12-29 06:00:00,3990.6622805718525
2014-12-29 06:30:00,7175.701559065533
2014-12-29 07:00:00,20215.505216979014
2014-12-29 07:30:00,20215.505216979014
2014-12-29 08:00:00,20215.505216979014
2014-12-29 08:30:00,20215.505216979014
2014-12-29 09:00:00,20215.505216979014
2014-12-29 09:30:00,20215.505216979014
2014-12-29 10:00:00,20914.29201713185
2014-12-29 10:30:00,20914.29201713185
2014-12-29 11:00:00,21043.513368453478
2014-12-29 11:30:00,21043.513368453478
2014-12-29 12:00:00,21635.99127892097
2014-12-29 12:30:00,20611.143418756255
2014-12-29 13:00:00,21613.983980864567
2014-12-29 13:30:00,20589.13612069985
2014-12-29 14:00:00,21331.511207545354
2014-12-29 14:30:00,20306.66334738064
2014-12-29 15:00:00,21026.59272933159
2014-12-29 15:30:00,20001.744869166876
2014-12-29 16:00:00,19795.225963344394
2014-12-29 16:30:00,18770.37810317968
2014-12-29 17:00:00,20764.854474353408
2014-12-29 17:30:00,19630.948274615996
2014-12-29 18:00:00,23932.949804345422
2014-12-29 18:30:00,23173.00715337566
2014-12-29 19:00:00,24119.712939977064
2014-12-29 19:30:00,23359.7702890073
2014-12-29 20:00:00,24119.712939977064
2014-12-29 20:30:00,23359.7702890073
2014-12-29 21:00:00,24119.712939977064
2014-12-29 21:30:00,23359.7702890073
2014-12-29 22:00:00,24296.707264265446
2014-12-29 22:30:00,23536.764613295683
2014-12-29 23:00:00,14258.804409767725
2014-12-29 23:30:00,13498.861758797959
2014-12-30 00:00:00,9939.584004244613
2014-12-30 00:30:00,7104.447163728019
2014-12-30 01:00:00,1169.9888782408284
2014-12-30 01:30:00,632.912936146546
2014-12-30 02:00:00,720.0816829779399
2014-12-30 02:30:00,1724.082009091173
2014-12-30 03:00:00,3673.516055718437
2014-12-30 03:30:00,2620.665733970963
2014-12-30 04:00:00,4748.071497338343
2014-12-30 04:30:00,2787.281383112069
2014-12-30 05:00:00,2402.4190823351587
2014-12-30 05:30:00,3007.9174734870744
2014-12-30 06:00:00,3268.3566718804127
2014-12-30 06:30:00,6453.3959503740925
2014-12-30 07:00:00,20215.505216979014
2014-12-30 07:30:00,20215.505216979014
2014-12-30 08:00:00,20215.505216979014
2014-12-30 08:30:00,20215.505216979014
2014-12-30 09:00:00,20215.505216979014
2014-12-30 09:30:00,20215.505216979014
2014-12-30 10:00:00,20914.29201713185
2014-12-30 10:30:00,20914.29201713185
2014-12-30 11:00:00,21043.513368453478
2014-12-30 11:30:00,21043.513368453478
2014-12-30 12:00:00,21635.99127892097
2014-12-30 12:30:00,20611.143418756255
2014-12-30 13:00:00,21613.983980864567
2014-12-30 13:30:00,20589.13612069985
2014-12-30 14:00:00,21331.511207545354
2014-12-30 14:30:00,20306.66334738064
2014-12-30 15:00:00,21026.59272933159
2014-12-30 15:30:00,20001.744869166876
2014-12-30 16:00:00,19795.225963344394
2014-12-30 16:30:00,18770.37810317968
2014-12-30 17:00:00,20420.782098126212
2014-12-30 17:30:00,19907.92681476335
2014-12-30 18:00:00,24361.025070700038
2014-12-30 18:30:00,24222.133336104824
2014-12-30 19:00:00,24547.78820633168
2014-12-30 19:30:00,25700.384588139357
2014-12-30 20:00:00,24547.78820633168
2014-12-30 20:30:00,25700.384588139357
2014-12-30 21:00:00,24547.78820633168
2014-12-30 21:30:00,25700.384588139357
2014-12-30 22:00:00,24724.78253062006
2014-12-30 22:30:00,24443.74556375707
2014-12-30 23:00:00,13914.732033540527
2014-12-30 23:30:00,13633.695066677537
2014-12-31 00:00:00,8927.340723917896
2014-12-31 00:30:00,6092.203883401301
2014-12-31 01:00:00,-671.0624477219947
2014-12-31 01:30:00,-575.0019140875615
2014-12-31 02:00:00,-671.0624477219947
2014-12-31 02:30:00,-575.0019140875615
2014-12-31 03:00:00,1356.0927126501567
2014-12-31 03:30:00,-1218.2271844496815
2014-12-31 04:00:00,1356.0927126501567
2014-12-31 04:30:00,-1218.2271844496815
2014-12-31 05:00:00,-387.5314647133144
2014-12-31 05:30:00,-395.5628564349625
2014-12-31 06:00:00,3044.9483652465437
2014-12-31 06:30:00,6229.987643740224
2014-12-31 07:00:00,20412.623654560455
2014-12-31 07:30:00,20678.827484308917
2014-12-31 08:00:00,20412.623654560455
2014-12-31 08:30:00,20678.827484308917
2014-12-31 09:00:00,20412.623654560455
2014-12-31 09:30:00,20678.827484308917
2014-12-31 10:00:00,21111.410454713292
2014-12-31 10:30:00,21377.614284461753
2014-12-31 11:00:00,19817.404261496544
2014-12-31 11:30:00,21644.00320776068
2014-12-31 12:00:00,21059.91594871128
2014-12-31 12:30:00,19843.805832418482
2014-12-31 13:00:00,21356.90916260074
2014-12-31 13:30:00,20140.799046307944
2014-12-31 14:00:00,21356.90916260074
2014-12-31 14:30:00,20140.799046307944
2014-12-31 15:00:00,21549.53490682457
2014-12-31 15:30:00,21175.57135805692
2014-12-31 16:00:00,20948.061621559496
2014-12-31 16:30:00,20574.098072791847
2014-12-31 17:00:00,20214.881823092484
2014-12-31 17:30:00,19702.02653972962
2014-12-31 18:00:00,23717.49654229318
2014-12-31 18:30:00,23578.604807697964
2014-12-31 19:00:00,23904.25967792482
2014-12-31 19:30:00,25056.856059732498
2014-12-31 20:00:00,24155.4767474363
2014-12-31 20:30:00,25308.073129243978
2014-12-31 21:00:00,24155.4767474363
2014-12-31 21:30:00,25308.073129243978
2014-12-31 22:00:00,24724.78253062006
2014-12-31 22:30:00,24443.74556375707
2014-12-31 23:00:00,13914.732033540527
2014-12-31 23:30:00,13633.695066677537
2015-01-01 00:00:00,8379.93379046082
2015-01-01 00:30:00,4593.24719733807
2015-01-01 01:00:00,4874.697129412503
2015-01-01 01:30:00,707.5581315435537
2015-01-01 02:00:00,4874.697129412503
2015-01-01 02:30:00,707.5581315435537
2015-01-01 03:00:00,4874.697129412503
2015-01-01 03:30:00,707.5581315435537
2015-01-01 04:00:00,4874.697129412503
2015-01-01 04:30:00,707.5581315435537
2015-01-01 05:00:00,3669.1027150127693
2015-01-01 05:30:00,2687.8993750993536
2015-01-01 06:00:00,9211.228394605714
2015-01-01 06:30:00,9906.479177433348
2015-01-01 07:00:00,16124.410296284379
2015-01-01 07:30:00,17438.701412150465
2015-01-01 08:00:00,18593.645082130042
2015-01-01 08:30:00,22272.111064921835
2015-01-01 09:00:00,18593.645082130042
2015-01-01 09:30:00,22145.88052742432
2015-01-01 10:00:00,13599.327172517467
2015-01-01 10:30:00,14086.530153562258
2015-01-01 11:00:00,13163.769668509818
2015-01-01 11:30:00,14089.25108605703
2015-01-01 12:00:00,17367.45262861404
2015-01-01 12:30:00,16780.561464449725
2015-01-01 13:00:00,16842.833464402574
2015-01-01 13:30:00,16255.942300238257
2015-01-01 14:00:00,17328.704227521062
2015-01-01 14:30:00,17328.704227521062
2015-01-01 15:00:00,17899.231013932545
2015-01-01 15:30:00,17899.231013932545
2015-01-01 16:00:00,17899.231013932545
2015-01-01 16:30:00,17899.231013932545
2015-01-01 17:00:00,17602.56950241194
2015-01-01 17:30:00,18243.003481272073
2015-01-01 18:00:00,21498.386427063197
2015-01-01 18:30:00,22948.037309038355
2015-01-01 19:00:00,21852.846865031268
2015-01-01 19:30:00,23302.49774700643
2015-01-01 20:00:00,21777.943191560902
2015-01-01 20:30:00,22996.49332833287
2015-01-01 21:00:00,21777.943191560902
2015-01-01 21:30:00,22996.49332833287
2015-01-01 22:00:00,22238.09856527912
2015-01-01 22:30:00,23047.31546839415
2015-01-01 23:00:00,20305.936859390687
2015-01-01 23:30:00,20305.936859390687
2015-01-02 00:00:00,14440.685176996049
2015-01-02 00:30:00,9810.736242582956
2015-01-02 01:00:00,16780.688730117694
2015-01-02 01:30:00,9597.59290106473
2015-01-02 02:00:00,14189.843794798102
2015-01-02 02:30:00,7676.8917539201
2015-01-02 03:00:00,11674.598927313471
2015-01-02 03:30:00,7676.8917539201
2015-01-02 04:00:00,11674.598927313471
2015-01-02 04:30:00,7676.8917539201
2015-01-02 05:00:00,4235.232813398784
2015-01-02 05:30:00,2929.3927550167314
2015-01-02 06:00:00,7662.793507166504
2015-01-02 06:30:00,8358.044289994139
2015-01-02 07:00:00,16124.410296284379
2015-01-02 07:30:00,17438.701412150465
2015-01-02 08:00:00,18593.645082130042
2015-01-02 08:30:00,22272.111064921835
2015-01-02 09:00:00,18593.645082130042
2015-01-02 09:30:00,22145.88052742432
2015-01-02 10:00:00,13599.327172517467
2015-01-02 10:30:00,14086.530153562258
2015-01-02 11:00:00,13163.769668509818
2015-01-02 11:30:00,14089.25108605703
2015-01-02 12:00:00,17572.561180366738
2015-01-02 12:30:00,16985.67001620242
2015-01-02 13:00:00,16842.833464402574
2015-01-02 13:30:00,16255.942300238257
2015-01-02 14:00:00,16306.314304689797
2015-01-02 14:30:00,16306.314304689797
2015-01-02 15:00:00,16696.371105784994
2015-01-02 15:30:00,16696.371105784994
2015-01-02 16:00:00,16696.371105784994
2015-01-02 16:30:00,16696.371105784994
2015-01-02 17:00:00,17422.099517095656
2015-01-02 17:30:00,18062.533495955788
2015-01-02 18:00:00,22867.49345982317
2015-01-02 18:30:00,23507.927438683302
2015-01-02 19:00:00,23221.95389779124
2015-01-02 19:30:00,23862.387876651377
2015-01-02 20:00:00,23147.05022432088
2015-01-02 20:30:00,23556.383457977816
2015-01-02 21:00:00,23147.05022432088
2015-01-02 21:30:00,23556.383457977816
2015-01-02 22:00:00,25435.17707141166
2015-01-02 22:30:00,25435.17707141166
2015-01-02 23:00:00,24049.583434655597
2015-01-02 23:30:00,24049.583434655597
2015-01-03 00:00:00,20405.483630321403
2015-01-03 00:30:00,18262.116926797302
2015-01-03 01:00:00,18042.91352816398
2015-01-03 01:30:00,15534.442055380938
2015-01-03 02:00:00,16787.071678514025
2015-01-03 02:30:00,14948.743993905948
2015-01-03 03:00:00,12617.571402903755
2015-01-03 03:30:00,13294.488585780313
2015-01-03 04:00:00,12617.571402903755
2015-01-03 04:30:00,13294.488585780313
2015-01-03 05:00:00,4235.232813398784
2015-01-03 05:30:00,2929.3927550167314
2015-01-03 06:00:00,7662.793507166504
2015-01-03 06:30:00,8358.044289994139
2015-01-03 07:00:00,6896.681623086613
2015-01-03 07:30:00,6896.681623086613
2015-01-03 08:00:00,7261.901756878745
2015-01-03 08:30:00,7261.901756878745
2015-01-03 09:00:00,8881.235817916393
2015-01-03 09:30:00,8881.235817916393
2015-01-03 10:00:00,8881.235817916393
2015-01-03 10:30:00,8881.235817916393
2015-01-03 11:00:00,13315.76894243221
2015-01-03 11:30:00,13881.359048395147
2015-01-03 12:00:00,16700.159485662283
2015-01-03 12:30:00,16678.858427460906
2015-01-03 13:00:00,15970.43176969812
2015-01-03 13:30:00,15949.13071149674
2015-01-03 14:00:00,15433.912609985344
2015-01-03 14:30:00,15999.50271594828
2015-01-03 15:00:00,15422.27541798366
2015-01-03 15:30:00,15672.787469104918
2015-01-03 16:00:00,15422.27541798366
2015-01-03 16:30:00,15672.787469104918
2015-01-03 17:00:00,15425.757215412961
2015-01-03 17:30:00,17038.94985927571
2015-01-03 18:00:00,21607.892308591254
2015-01-03 18:30:00,22970.572901332747
2015-01-03 19:00:00,21962.352746559325
2015-01-03 19:30:00,23325.033339300815
2015-01-03 20:00:00,21887.449073088963
2015-01-03 20:30:00,23019.028920627257
2015-01-03 21:00:00,21325.463001470773
2015-01-03 21:30:00,22457.042849009067
2015-01-03 22:00:00,24335.836462442912
2015-01-03 22:30:00,24335.836462442912
2015-01-03 23:00:00,24049.583434655597
2015-01-03 23:30:00,24049.583434655597
2015-01-04 00:00:00,20405.483630321403
2015-01-04 00:30:00,19273.436065466238
2015-01-04 01:00:00,18042.91352816398
2015-01-04 01:30:00,16545.761194049875
2015-01-04 02:00:00,15379.465095498497
2015-01-04 02:30:00,13541.137410890424
2015-01-04 03:00:00,12200.447812871747
2015-01-04 03:30:00,12877.364995748305
2015-01-04 04:00:00,12200.447812871747
2015-01-04 04:30:00,12877.364995748305
2015-01-04 05:00:00,3599.2157196119256
2015-01-04 05:30:00,2293.375661229874
2015-01-04 06:00:00,7026.776413379647
2015-01-04 06:30:00,7722.027196207282
2015-01-04 07:00:00,8029.155711088955
2015-01-04 07:30:00,8029.155711088955
2015-01-04 08:00:00,8394.375844881088
2015-01-04 08:30:00,8394.375844881088
2015-01-04 09:00:00,10393.472639221485
2015-01-04 09:30:00,10393.472639221485
2015-01-04 10:00:00,10393.472639221485
2015-01-04 10:30:00,10393.472639221485
2015-01-04 11:00:00,10828.981048302308
2015-01-04 11:30:00,10828.981048302308
2015-01-04 12:00:00,17976.199258791097
2015-01-04 12:30:00,17976.199258791097
2015-01-04 13:00:00,17360.221703632535
2015-01-04 13:30:00,17360.221703632535
2015-01-04 14:00:00,16485.710428034658
2015-01-04 14:30:00,16485.710428034658
2015-01-04 15:00:00,16474.073236032975
2015-01-04 15:30:00,16158.995181191296
2015-01-04 16:00:00,16474.073236032975
2015-01-04 16:30:00,16158.995181191296
2015-01-04 17:00:00,16474.073236032975
2015-01-04 17:30:00,16158.995181191296
2015-01-04 18:00:00,17313.728679975848
2015-01-04 18:30:00,17814.2207327003
2015-01-04 19:00:00,17143.68099632218
2015-01-04 19:30:00,17644.17304904663
2015-01-04 20:00:00,17143.68099632218
2015-01-04 20:30:00,17644.17304904663
2015-01-04 21:00:00,16854.13669435431
2015-01-04 21:30:00,16854.13669435431
2015-01-04 22:00:00,16854.13669435431
2015-01-04 22:30:00,16854.13669435431
2015-01-04 23:00:00,15333.766978908725
2015-01-04 23:30:00,15333.766978908725
2015-01-05 00:00:00,8379.93379046082
2015-01-05 00:30:00,4593.24719733807
2015-01-05 01:00:00,4875.8190557218995
2015-01-05 01:30:00,708.6800578529493
2015-01-05 02:00:00,4875.8190557218995
2015-01-05 02:30:00,708.6800578529493
2015-01-05 03:00:00,4875.8190557218995
2015-01-05 03:30:00,708.6800578529493
2015-01-05 04:00:00,4875.8190557218995
2015-01-05 04:30:00,708.6800578529493
2015-01-05 05:00:00,3670.2246413221646
2015-01-05 05:30:00,2689.0213014087494
2015-01-05 06:00:00,9211.228394605714
2015-01-05 06:30:00,9906.479177433348
2015-01-05 07:00:00,18070.606540944773
2015-01-05 07:30:00,18070.606540944773
2015-01-05 08:00:00,20539.841326790436
2015-01-05 08:30:00,22904.01619371614
2015-01-05 09:00:00,20539.841326790436
2015-01-05 09:30:00,22904.01619371614
2015-01-05 10:00:00,15313.403567162002
2015-01-05 10:30:00,15313.403567162002
2015-01-05 11:00:00,15316.124499656773
2015-01-05 11:30:00,15316.124499656773
2015-01-05 12:00:00,14120.296000651706
2015-01-05 12:30:00,14133.6321724177
2015-01-05 13:00:00,13734.955646937065
2015-01-05 13:30:00,13712.630120101576
2015-01-05 14:00:00,13385.450815199323
2015-01-05 14:30:00,13950.016452528149
2015-01-05 15:00:00,13053.109798802869
2015-01-05 15:30:00,13689.020235305745
2015-01-05 16:00:00,13053.109798802869
2015-01-05 16:30:00,13689.020235305745
2015-01-05 17:00:00,12365.364675669776
2015-01-05 17:30:00,13199.669863191639
2015-01-05 18:00:00,19091.98128976896
2015-01-05 18:30:00,19901.19819288399
2015-01-05 19:00:00,18813.906947497013
2015-01-05 19:30:00,19623.123850612046
2015-01-05 20:00:00,18813.906947497013
2015-01-05 20:30:00,19623.123850612046
2015-01-05 21:00:00,19432.56859498285
2015-01-05 21:30:00,20241.785498097885
2015-01-05 22:00:00,19432.56859498285
2015-01-05 22:30:00,20241.785498097885
2015-01-05 23:00:00,19223.816437014066
2015-01-05 23:30:00,17881.23304772674
2015-01-06 00:00:00,8379.93379046082
2015-01-06 00:30:00,4593.24719733807
2015-01-06 01:00:00,4875.8190557218995
2015-01-06 01:30:00,708.6800578529493
2015-01-06 02:00:00,4875.8190557218995
2015-01-06 02:30:00,708.6800578529493
2015-01-06 03:00:00,4875.8190557218995
2015-01-06 03:30:00,708.6800578529493
2015-01-06 04:00:00,4875.8190557218995
2015-01-06 04:30:00,708.6800578529493
2015-01-06 05:00:00,3670.2246413221646
2015-01-06 05:30:00,2689.0213014087494
2015-01-06 06:00:00,9211.228394605714
2015-01-06 06:30:00,9906.479177433348
2015-01-06 07:00:00,18070.606540944773
2015-01-06 07:30:00,18070.606540944773
2015-01-06 08:00:00,20539.841326790436
2015-01-06 08:30:00,22904.01619371614
2015-01-06 09:00:00,20539.841326790436
2015-01-06 09:30:00,22904.01619371614
2015-01-06 10:00:00,15313.403567162002
2015-01-06 10:30:00,15313.403567162002
2015-01-06 11:00:00,15316.124499656773
2015-01-06 11:30:00,15316.124499656773
2015-01-06 12:00:00,16294.152227656976
2015-01-06 12:30:00,16109.361966588418
2015-01-06 13:00:00,15908.811873942335
2015-01-06 13:30:00,15688.359914272294
2015-01-06 14:00:00,15559.307042204595
2015-01-06 14:30:00,15925.746246698867
2015-01-06 15:00:00,15226.966025808137
2015-01-06 15:30:00,15664.750029476463
2015-01-06 16:00:00,15226.966025808137
2015-01-06 16:30:00,15664.750029476463
2015-01-06 17:00:00,16249.986504668748
2015-01-06 17:30:00,17101.04817560335
2015-01-06 18:00:00,22760.113024038867
2015-01-06 18:30:00,23586.086410566633
2015-01-06 19:00:00,23658.43039910597
2015-01-06 19:30:00,24484.403785633738
2015-01-06 20:00:00,23583.526725635602
2015-01-06 20:30:00,24409.500112163376
2015-01-06 21:00:00,23164.465746958907
2015-01-06 21:30:00,23990.43913348668
2015-01-06 22:00:00,22148.09248263451
2015-01-06 22:30:00,21567.000686706146
2015-01-06 23:00:00,21132.708471842318
2015-01-06 23:30:00,18399.816383511596
2015-01-07 00:00:00,8379.93379046082
2015-01-07 00:30:00,4593.24719733807
2015-01-07 01:00:00,3635.9530390587634
2015-01-07 01:30:00,707.5581315435537
2015-01-07 02:00:00,3635.9530390587634
2015-01-07 02:30:00,707.5581315435537
2015-01-07 03:00:00,3635.9530390587634
2015-01-07 03:30:00,707.5581315435537
2015-01-07 04:00:00,3635.9530390587634
2015-01-07 04:30:00,707.5581315435537
2015-01-07 05:00:00,3669.1027150127693
2015-01-07 05:30:00,2687.8993750993536
2015-01-07 06:00:00,9211.228394605714
2015-01-07 06:30:00,9906.479177433348
2015-01-07 07:00:00,16356.530146300236
2015-01-07 07:30:00,17670.821262166322
2015-01-07 08:00:00,18825.7649321459
2015-01-07 08:30:00,22504.23091493769
2015-01-07 09:00:00,18825.7649321459
2015-01-07 09:30:00,22378.000377440174
2015-01-07 10:00:00,13599.327172517467
2015-01-07 10:30:00,14086.530153562258
2015-01-07 11:00:00,13163.769668509818
2015-01-07 11:30:00,14089.25108605703
2015-01-07 12:00:00,16294.152227656976
2015-01-07 12:30:00,16109.361966588418
2015-01-07 13:00:00,15908.811873942335
2015-01-07 13:30:00,15688.359914272294
2015-01-07 14:00:00,15559.307042204595
2015-01-07 14:30:00,15925.746246698867
2015-01-07 15:00:00,15226.966025808137
2015-01-07 15:30:00,15664.750029476463
2015-01-07 16:00:00,15226.966025808137
2015-01-07 16:30:00,15664.750029476463
2015-01-07 17:00:00,15371.972466246432
2015-01-07 17:30:00,17101.04817560335
2015-01-07 18:00:00,21882.09898561655
2015-01-07 18:30:00,23586.086410566633
2015-01-07 19:00:00,22780.416360683656
2015-01-07 19:30:00,24484.403785633738
2015-01-07 20:00:00,22705.512687213286
2015-01-07 20:30:00,24409.500112163376
2015-01-07 21:00:00,22286.45170853659
2015-01-07 21:30:00,23990.43913348668
2015-01-07 22:00:00,21270.078444212195
2015-01-07 22:30:00,21567.000686706146
2015-01-07 23:00:00,20254.69443342
2015-01-07 23:30:00,18399.816383511596
2015-01-08 00:00:00,8379.93379046082
2015-01-08 00:30:00,4593.24719733807
2015-01-08 01:00:00,3635.9530390587634
2015-01-08 01:30:00,707.5581315435537
2015-01-08 02:00:00,3635.9530390587634
2015-01-08 02:30:00,707.5581315435537
2015-01-08 03:00:00,3635.9530390587634
2015-01-08 03:30:00,707.5581315435537
2015-01-08 04:00:00,3635.9530390587634
2015-01-08 04:30:00,707.5581315435537
2015-01-08 05:00:00,3669.1027150127693
2015-01-08 05:30:00,2687.8993750993536
2015-01-08 06:00:00,9211.228394605714
2015-01-08 06:30:00,9906.479177433348
2015-01-08 07:00:00,16124.410296284379
2015-01-08 07:30:00,17438.701412150465
2015-01-08 08:00:00,18593.645082130042
2015-01-08 08:30:00,22272.111064921835
2015-01-08 09:00:00,18593.645082130042
2015-01-08 09:30:00,22145.88052742432
2015-01-08 10:00:00,13599.327172517467
2015-01-08 10:30:00,14086.530153562258
2015-01-08 11:00:00,13163.769668509818
2015-01-08 11:30:00,14089.25108605703
2015-01-08 12:00:00,17367.45262861404
2015-01-08 12:30:00,16780.561464449725
2015-01-08 13:00:00,16842.833464402574
2015-01-08 13:30:00,16255.942300238257
2015-01-08 14:00:00,17328.704227521062
2015-01-08 14:30:00,17328.704227521062
2015-01-08 15:00:00,17899.231013932545
2015-01-08 15:30:00,17899.231013932545
2015-01-08 16:00:00,17899.231013932545
2015-01-08 16:30:00,17899.231013932545
2015-01-08 17:00:00,17602.56950241194
2015-01-08 17:30:00,18243.003481272073
2015-01-08 18:00:00,21786.530968107214
2015-01-08 18:30:00,23236.181850082376
2015-01-08 19:00:00,22091.6621227737
2015-01-08 19:30:00,23541.313004748863
2015-01-08 20:00:00,22016.758449303336
2015-01-08 20:30:00,23235.3085860753
2015-01-08 21:00:00,22817.73945910122
2015-01-08 21:30:00,24036.289595873186
2015-01-08 22:00:00,23277.89483281944
2015-01-08 22:30:00,24087.111735934468
2015-01-08 23:00:00,20305.936859390687
2015-01-08 23:30:00,20305.936859390687
2015-01-09 00:00:00,14440.685176996049
2015-01-09 00:30:00,9810.736242582956
2015-01-09 01:00:00,16780.688730117694
2015-01-09 01:30:00,9597.59290106473
2015-01-09 02:00:00,14189.843794798102
2015-01-09 02:30:00,7676.8917539201
2015-01-09 03:00:00,11674.598927313471
2015-01-09 03:30:00,7676.8917539201
2015-01-09 04:00:00,11674.598927313471
2015-01-09 04:30:00,7676.8917539201
2015-01-09 05:00:00,4235.232813398784
2015-01-09 05:30:00,2929.3927550167314
2015-01-09 06:00:00,7662.793507166504
2015-01-09 06:30:00,8358.044289994139
2015-01-09 07:00:00,16124.410296284379
2015-01-09 07:30:00,17438.701412150465
2015-01-09 08:00:00,18593.645082130042
2015-01-09 08:30:00,22272.111064921835
2015-01-09 09:00:00,18593.645082130042
2015-01-09 09:30:00,22145.88052742432
2015-01-09 10:00:00,13599.327172517467
2015-01-09 10:30:00,14086.530153562258
2015-01-09 11:00:00,13163.769668509818
2015-01-09 11:30:00,14089.25108605703
2015-01-09 12:00:00,17572.561180366738
2015-01-09 12:30:00,16985.67001620242
2015-01-09 13:00:00,16941.56287623432
2015-01-09 13:30:00,16354.671712070003
2015-01-09 14:00:00,16405.043716521544
2015-01-09 14:30:00,16405.043716521544
2015-01-09 15:00:00,16795.10051761674
2015-01-09 15:30:00,16795.10051761674
2015-01-09 16:00:00,16795.10051761674
2015-01-09 16:30:00,16795.10051761674
2015-01-09 17:00:00,17520.8289289274
2015-01-09 17:30:00,18161.262907787535
2015-01-09 18:00:00,22867.49345982317
2015-01-09 18:30:00,23507.927438683302
2015-01-09 19:00:00,23221.95389779124
2015-01-09 19:30:00,23862.387876651377
2015-01-09 20:00:00,23147.05022432088
2015-01-09 20:30:00,23556.383457977816
2015-01-09 21:00:00,23147.05022432088
2015-01-09 21:30:00,23556.383457977816
2015-01-09 22:00:00,25435.17707141166
2015-01-09 22:30:00,25435.17707141166
2015-01-09 23:00:00,24049.583434655597
2015-01-09 23:30:00,24049.583434655597
2015-01-10 00:00:00,20405.483630321403
2015-01-10 00:30:00,18262.116926797302
2015-01-10 01:00:00,18042.91352816398
2015-01-10 01:30:00,15534.442055380938
2015-01-10 02:00:00,16787.071678514025
2015-01-10 02:30:00,14948.743993905948
2015-01-10 03:00:00,12617.571402903755
2015-01-10 03:30:00,13294.488585780313
2015-01-10 04:00:00,12617.571402903755
2015-01-10 04:30:00,13294.488585780313
2015-01-10 05:00:00,4235.232813398784
2015-01-10 05:30:00,2929.3927550167314
2015-01-10 06:00:00,7662.793507166504
2015-01-10 06:30:00,8358.044289994139
2015-01-10 07:00:00,6896.681623086613
2015-01-10 07:30:00,6896.681623086613
2015-01-10 08:00:00,7261.901756878745
2015-01-10 08:30:00,7261.901756878745
2015-01-10 09:00:00,8881.235817916393
2015-01-10 09:30:00,8881.235817916393
2015-01-10 10:00:00,8881.235817916393
2015-01-10 10:30:00,8881.235817916393
2015-01-10 11:00:00,13315.76894243221
2015-01-10 11:30:00,13881.359048395147
2015-01-10 12:00:00,16700.159485662283
2015-01-10 12:30:00,16678.858427460906
2015-01-10 13:00:00,16069.161181529866
2015-01-10 13:30:00,16047.860123328486
2015-01-10 14:00:00,15532.64202181709
2015-01-10 14:30:00,16098.232127780026
2015-01-10 15:00:00,15521.004829815405
2015-01-10 15:30:00,15771.516880936664
2015-01-10 16:00:00,15521.004829815405
2015-01-10 16:30:00,15771.516880936664
2015-01-10 17:00:00,15524.486627244709
2015-01-10 17:30:00,17137.67927110746
2015-01-10 18:00:00,21607.892308591254
2015-01-10 18:30:00,22970.572901332747
2015-01-10 19:00:00,21962.352746559325
2015-01-10 19:30:00,23325.033339300815
2015-01-10 20:00:00,21887.449073088963
2015-01-10 20:30:00,23019.028920627257
2015-01-10 21:00:00,21325.463001470773
2015-01-10 21:30:00,22457.042849009067
2015-01-10 22:00:00,24335.836462442912
2015-01-10 22:30:00,24335.836462442912
2015-01-10 23:00:00,24049.583434655597
2015-01-10 23:30:00,24049.583434655597
2015-01-11 00:00:00,20405.483630321403
2015-01-11 00:30:00,19273.436065466238
2015-01-11 01:00:00,18042.91352816398
2015-01-11 01:30:00,16545.761194049875
2015-01-11 02:00:00,15379.465095498497
2015-01-11 02:30:00,13541.137410890424
2015-01-11 03:00:00,12200.447812871747
2015-01-11 03:30:00,12877.364995748305
2015-01-11 04:00:00,12200.447812871747
2015-01-11 04:30:00,12877.364995748305
2015-01-11 05:00:00,127.73358720007444
2015-01-11 05:30:00,-1178.1064711819777
2015-01-11 06:00:00,1734.2992603984242
2015-01-11 06:30:00,2429.550043226059
2015-01-11 07:00:00,8029.155711088955
2015-01-11 07:30:00,8029.155711088955
2015-01-11 08:00:00,8394.375844881088
2015-01-11 08:30:00,8394.375844881088
2015-01-11 09:00:00,10393.472639221485
2015-01-11 09:30:00,10393.472639221485
2015-01-11 10:00:00,10393.472639221485
2015-01-11 10:30:00,10393.472639221485
2015-01-11 11:00:00,10828.981048302308
2015-01-11 11:30:00,10828.981048302308
2015-01-11 12:00:00,17976.199258791097
2015-01-11 12:30:00,17976.199258791097
2015-01-11 13:00:00,17458.951115464282
2015-01-11 13:30:00,17458.951115464282
2015-01-11 14:00:00,16584.439839866405
2015-01-11 14:30:00,16584.439839866405
2015-01-11 15:00:00,16572.80264786472
2015-01-11 15:30:00,16257.724593023042
2015-01-11 16:00:00,16572.80264786472
2015-01-11 16:30:00,16257.724593023042
2015-01-11 17:00:00,16572.80264786472
2015-01-11 17:30:00,16257.724593023042
2015-01-11 18:00:00,17313.728679975848
2015-01-11 18:30:00,17814.2207327003
2015-01-11 19:00:00,17143.68099632218
2015-01-11 19:30:00,17644.17304904663
2015-01-11 20:00:00,17143.68099632218
2015-01-11 20:30:00,17644.17304904663
2015-01-11 21:00:00,16854.13669435431
2015-01-11 21:30:00,16854.13669435431
2015-01-11 22:00:00,16854.13669435431
2015-01-11 22:30:00,16854.13669435431
2015-01-11 23:00:00,15333.766978908725
2015-01-11 23:30:00,15333.766978908725
2015-01-12 00:00:00,8379.93379046082
2015-01-12 00:30:00,4593.24719733807
2015-01-12 01:00:00,3637.0749653681587
2015-01-12 01:30:00,3285.9009401741705
2015-01-12 02:00:00,3637.0749653681587
2015-01-12 02:30:00,3285.9009401741705
2015-01-12 03:00:00,3637.0749653681587
2015-01-12 03:30:00,3285.9009401741705
2015-01-12 04:00:00,3637.0749653681587
2015-01-12 04:30:00,3285.9009401741705
2015-01-12 05:00:00,942.9302533531508
2015-01-12 05:30:00,567.2253045916517
2015-01-12 06:00:00,6575.847813372593
2015-01-12 06:30:00,9739.503064340652
2015-01-12 07:00:00,18205.389028854257
2015-01-12 07:30:00,17768.811004155334
2015-01-12 08:00:00,20674.62381469992
2015-01-12 08:30:00,22602.220656926704
2015-01-12 09:00:00,20674.62381469992
2015-01-12 09:30:00,22602.220656926704
2015-01-12 10:00:00,14802.368807754772
2015-01-12 10:30:00,14365.790783055849
2015-01-12 11:00:00,14805.089740249545
2015-01-12 11:30:00,14368.51171555062
2015-01-12 12:00:00,14120.296000651706
2015-01-12 12:30:00,14133.6321724177
2015-01-12 13:00:00,14183.919524226025
2015-01-12 13:30:00,13991.795646095876
2015-01-12 14:00:00,12701.408671513298
2015-01-12 14:30:00,13096.175957547464
2015-01-12 15:00:00,12369.067655116842
2015-01-12 15:30:00,12227.972235552897
2015-01-12 16:00:00,12369.067655116842
2015-01-12 16:30:00,12227.972235552897
2015-01-12 17:00:00,12814.328552958736
2015-01-12 17:30:00,13648.633740480598
2015-01-12 18:00:00,19091.98128976896
2015-01-12 18:30:00,19901.19819288399
2015-01-12 19:00:00,18813.906947497013
2015-01-12 19:30:00,19623.123850612046
2015-01-12 20:00:00,18813.906947497013
2015-01-12 20:30:00,19623.123850612046
2015-01-12 21:00:00,19432.56859498285
2015-01-12 21:30:00,20241.785498097885
2015-01-12 22:00:00,19432.56859498285
2015-01-12 22:30:00,20241.785498097885
2015-01-12 23:00:00,19223.816437014066
2015-01-12 23:30:00,17881.23304772674
2015-01-13 00:00:00,8379.93379046082
2015-01-13 00:30:00,4593.24719733807
2015-01-13 01:00:00,3637.0749653681587
2015-01-13 01:30:00,3285.9009401741705
2015-01-13 02:00:00,3637.0749653681587
2015-01-13 02:30:00,3285.9009401741705
2015-01-13 03:00:00,3637.0749653681587
2015-01-13 03:30:00,3285.9009401741705
2015-01-13 04:00:00,3637.0749653681587
2015-01-13 04:30:00,3285.9009401741705
2015-01-13 05:00:00,942.9302533531508
2015-01-13 05:30:00,567.2253045916517
2015-01-13 06:00:00,6575.847813372593
2015-01-13 06:30:00,9739.503064340652
2015-01-13 07:00:00,18205.389028854257
2015-01-13 07:30:00,17768.811004155334
2015-01-13 08:00:00,20674.62381469992
2015-01-13 08:30:00,22602.220656926704
2015-01-13 09:00:00,20674.62381469992
2015-01-13 09:30:00,22602.220656926704
2015-01-13 10:00:00,14802.368807754772
2015-01-13 10:30:00,14365.790783055849
2015-01-13 11:00:00,14805.089740249545
2015-01-13 11:30:00,14368.51171555062
2015-01-13 12:00:00,16294.152227656976
2015-01-13 12:30:00,16109.361966588418
2015-01-13 13:00:00,16357.775751231295
2015-01-13 13:30:00,15967.525440266594
2015-01-13 14:00:00,14875.264898518568
2015-01-13 14:30:00,15071.905751718183
2015-01-13 15:00:00,14542.923882122112
2015-01-13 15:30:00,14203.702029723616
2015-01-13 16:00:00,14542.923882122112
2015-01-13 16:30:00,14203.702029723616
2015-01-13 17:00:00,16698.950381957708
2015-01-13 17:30:00,17550.01205289231
2015-01-13 18:00:00,22760.113024038867
2015-01-13 18:30:00,23586.086410566633
2015-01-13 19:00:00,23318.90951026286
2015-01-13 19:30:00,24144.88289679063
2015-01-13 20:00:00,23244.005836792494
2015-01-13 20:30:00,24069.979223320268
2015-01-13 21:00:00,22824.9448581158
2015-01-13 21:30:00,23650.918244643573
2015-01-13 22:00:00,22148.09248263451
2015-01-13 22:30:00,21567.000686706146
2015-01-13 23:00:00,21132.708471842318
2015-01-13 23:30:00,18399.816383511596
2015-01-14 00:00:00,8379.93379046082
2015-01-14 00:30:00,4593.24719733807
2015-01-14 01:00:00,3700.8619913864522
2015-01-14 01:30:00,3349.6879661924636
2015-01-14 02:00:00,3700.8619913864522
2015-01-14 02:30:00,3349.6879661924636
2015-01-14 03:00:00,3700.8619913864522
2015-01-14 03:30:00,3349.6879661924636
2015-01-14 04:00:00,3700.8619913864522
2015-01-14 04:30:00,3349.6879661924636
2015-01-14 05:00:00,1006.7172793714439
2015-01-14 05:30:00,631.0123306099448
2015-01-14 06:00:00,6575.847813372593
2015-01-14 06:30:00,9739.503064340652
2015-01-14 07:00:00,17002.34739361695
2015-01-14 07:30:00,18316.638509483037
2015-01-14 08:00:00,19471.582179462614
2015-01-14 08:30:00,23150.048162254407
2015-01-14 09:00:00,19471.582179462614
2015-01-14 09:30:00,23023.81762475689
2015-01-14 10:00:00,13599.327172517467
2015-01-14 10:30:00,14086.530153562258
2015-01-14 11:00:00,13163.769668509818
2015-01-14 11:30:00,14089.25108605703
2015-01-14 12:00:00,16294.152227656976
2015-01-14 12:30:00,16109.361966588418
2015-01-14 13:00:00,16357.775751231295
2015-01-14 13:30:00,15967.525440266594
2015-01-14 14:00:00,14875.264898518568
2015-01-14 14:30:00,15071.905751718183
2015-01-14 15:00:00,14542.923882122112
2015-01-14 15:30:00,14203.702029723616
2015-01-14 16:00:00,14542.923882122112
2015-01-14 16:30:00,14203.702029723616
2015-01-14 17:00:00,15820.936343535392
2015-01-14 17:30:00,17550.01205289231
2015-01-14 18:00:00,21882.09898561655
2015-01-14 18:30:00,23586.086410566633
2015-01-14 19:00:00,22440.895471840544
2015-01-14 19:30:00,24144.88289679063
2015-01-14 20:00:00,22365.991798370178
2015-01-14 20:30:00,24069.979223320268
2015-01-14 21:00:00,21946.930819693483
2015-01-14 21:30:00,23650.918244643573
2015-01-14 22:00:00,21270.078444212195
2015-01-14 22:30:00,21567.000686706146
2015-01-14 23:00:00,20254.69443342
2015-01-14 23:30:00,18399.816383511596
2015-01-15 00:00:00,8379.93379046082
2015-01-15 00:30:00,4593.24719733807
2015-01-15 01:00:00,3700.8619913864522
2015-01-15 01:30:00,3349.6879661924636
2015-01-15 02:00:00,3700.8619913864522
2015-01-15 02:30:00,3349.6879661924636
2015-01-15 03:00:00,3700.8619913864522
2015-01-15 03:30:00,3349.6879661924636
2015-01-15 04:00:00,3700.8619913864522
2015-01-15 04:30:00,3349.6879661924636
2015-01-15 05:00:00,1006.7172793714439
2015-01-15 05:30:00,631.0123306099448
2015-01-15 06:00:00,6575.847813372593
2015-01-15 06:30:00,9739.503064340652
2015-01-15 07:00:00,16770.227543601097
2015-01-15 07:30:00,18084.518659467183
2015-01-15 08:00:00,19239.46232944676
2015-01-15 08:30:00,22917.928312238553
2015-01-15 09:00:00,19239.46232944676
2015-01-15 09:30:00,22791.69777474104
2015-01-15 10:00:00,13599.327172517467
2015-01-15 10:30:00,14086.530153562258
2015-01-15 11:00:00,13163.769668509818
2015-01-15 11:30:00,14089.25108605703
2015-01-15 12:00:00,17367.45262861404
2015-01-15 12:30:00,16780.561464449725
2015-01-15 13:00:00,16941.56287623432
2015-01-15 13:30:00,16354.671712070003
2015-01-15 14:00:00,17427.433639352806
2015-01-15 14:30:00,17427.433639352806
2015-01-15 15:00:00,17997.96042576429
2015-01-15 15:30:00,17997.96042576429
2015-01-15 16:00:00,17997.96042576429
2015-01-15 16:30:00,17997.96042576429
2015-01-15 17:00:00,17701.298914243685
2015-01-15 17:30:00,18341.732893103817
2015-01-15 18:00:00,21786.530968107214
2015-01-15 18:30:00,23236.181850082376
2015-01-15 19:00:00,22091.6621227737
2015-01-15 19:30:00,23541.313004748863
2015-01-15 20:00:00,22016.758449303336
2015-01-15 20:30:00,23235.3085860753
2015-01-15 21:00:00,22817.73945910122
2015-01-15 21:30:00,24036.289595873186
2015-01-15 22:00:00,23828.839263795897
2015-01-15 22:30:00,24638.056166910927
2015-01-15 23:00:00,21565.020694439878
2015-01-15 23:30:00,21565.020694439878
2015-01-16 00:00:00,14440.685176996049
2015-01-16 00:30:00,9810.736242582956
2015-01-16 01:00:00,16780.688730117694
2015-01-16 01:30:00,9597.59290106473
2015-01-16 02:00:00,14189.843794798102
2015-01-16 02:30:00,7676.8917539201
2015-01-16 03:00:00,11674.598927313471
2015-01-16 03:30:00,7676.8917539201
2015-01-16 04:00:00,11674.598927313471
2015-01-16 04:30:00,7676.8917539201
2015-01-16 05:00:00,904.7288244460692
2015-01-16 05:30:00,204.38715721593348
2015-01-16 06:00:00,4819.53638198994
2015-01-16 06:30:00,7983.191632957998
2015-01-16 07:00:00,17502.83535178001
2015-01-16 07:30:00,18817.126467646096
2015-01-16 08:00:00,19972.070137625673
2015-01-16 08:30:00,23650.536120417466
2015-01-16 09:00:00,19972.070137625673
2015-01-16 09:30:00,23524.30558291995
2015-01-16 10:00:00,13599.327172517467
2015-01-16 10:30:00,14086.530153562258
2015-01-16 11:00:00,13163.769668509818
2015-01-16 11:30:00,14089.25108605703
2015-01-16 12:00:00,17789.232191803396
2015-01-16 12:30:00,17789.232191803396
2015-01-16 13:00:00,17158.23388767098
2015-01-16 13:30:00,17158.23388767098
2015-01-16 14:00:00,17158.23388767098
2015-01-16 14:30:00,17158.23388767098
2015-01-16 15:00:00,17548.290688766174
2015-01-16 15:30:00,17548.290688766174
2015-01-16 16:00:00,16785.601772999402
2015-01-16 16:30:00,16785.601772999402
2015-01-16 17:00:00,17520.8289289274
2015-01-16 17:30:00,18161.262907787535
2015-01-16 18:00:00,23760.01110850272
2015-01-16 18:30:00,24400.445087362856
2015-01-16 19:00:00,23577.62268169673
2015-01-16 19:30:00,24218.056660556864
2015-01-16 20:00:00,23502.719008226366
2015-01-16 20:30:00,23912.052241883302
2015-01-16 21:00:00,23502.719008226366
2015-01-16 21:30:00,23912.052241883302
2015-01-16 22:00:00,26341.790286293606
2015-01-16 22:30:00,26341.790286293606
2015-01-16 23:00:00,25308.667269704787
2015-01-16 23:30:00,25308.667269704787
2015-01-17 00:00:00,20405.483630321403
2015-01-17 00:30:00,18262.116926797302
2015-01-17 01:00:00,18042.91352816398
2015-01-17 01:30:00,15534.442055380938
2015-01-17 02:00:00,16787.071678514025
2015-01-17 02:30:00,14948.743993905948
2015-01-17 03:00:00,12617.571402903755
2015-01-17 03:30:00,13294.488585780313
2015-01-17 04:00:00,12617.571402903755
2015-01-17 04:30:00,13294.488585780313
2015-01-17 05:00:00,160.54108000323154
2015-01-17 05:30:00,-1145.2989783788205
2015-01-17 06:00:00,2162.439810241837
2015-01-17 06:30:00,2857.6905930694716
2015-01-17 07:00:00,7231.739892144482
2015-01-17 07:30:00,7231.739892144482
2015-01-17 08:00:00,7596.960025936613
2015-01-17 08:30:00,7596.960025936613
2015-01-17 09:00:00,8881.235817916393
2015-01-17 09:30:00,8881.235817916393
2015-01-17 10:00:00,8881.235817916393
2015-01-17 10:30:00,8881.235817916393
2015-01-17 11:00:00,13477.127550139954
2015-01-17 11:30:00,14042.71765610289
2015-01-17 12:00:00,17121.376096556072
2015-01-17 12:30:00,17955.159636173874
2015-01-17 13:00:00,16490.377792423657
2015-01-17 13:30:00,17324.161332041458
2015-01-17 14:00:00,16490.377792423657
2015-01-17 14:30:00,17324.161332041458
2015-01-17 15:00:00,16811.08161681843
2015-01-17 15:30:00,17329.787101594553
2015-01-17 16:00:00,16048.39270105165
2015-01-17 16:30:00,16567.09818582778
2015-01-17 17:00:00,16061.373243098295
2015-01-17 17:30:00,17942.75932061591
2015-01-17 18:00:00,21607.892308591254
2015-01-17 18:30:00,22970.572901332747
2015-01-17 19:00:00,21962.352746559325
2015-01-17 19:30:00,23325.033339300815
2015-01-17 20:00:00,21887.449073088963
2015-01-17 20:30:00,23019.028920627257
2015-01-17 21:00:00,21325.463001470773
2015-01-17 21:30:00,22457.042849009067
2015-01-17 22:00:00,24886.78089341937
2015-01-17 22:30:00,24886.78089341937
2015-01-17 23:00:00,25308.667269704787
2015-01-17 23:30:00,25308.667269704787
2015-01-18 00:00:00,21630.68312476778
2015-01-18 00:30:00,19273.436065466238
2015-01-18 01:00:00,19268.113022610356
2015-01-18 01:30:00,16545.761194049875
2015-01-18 02:00:00,15379.465095498497
2015-01-18 02:30:00,13541.137410890424
2015-01-18 03:00:00,12200.447812871747
2015-01-18 03:30:00,12877.364995748305
2015-01-18 04:00:00,12200.447812871747
2015-01-18 04:30:00,12877.364995748305
2015-01-18 05:00:00,127.73358720007444
2015-01-18 05:30:00,-1178.1064711819777
2015-01-18 06:00:00,1734.2992603984242
2015-01-18 06:30:00,2429.550043226059
2015-01-18 07:00:00,8364.213980146824
2015-01-18 07:30:00,8364.213980146824
2015-01-18 08:00:00,8729.434113938956
2015-01-18 08:30:00,8729.434113938956
2015-01-18 09:00:00,10393.472639221485
2015-01-18 09:30:00,10393.472639221485
2015-01-18 10:00:00,10393.472639221485
2015-01-18 10:30:00,10393.472639221485
2015-01-18 11:00:00,10990.339656010052
2015-01-18 11:30:00,10990.339656010052
2015-01-18 12:00:00,18180.74485824823
2015-01-18 12:30:00,18448.938291903094
2015-01-18 13:00:00,17663.49671492141
2015-01-18 13:30:00,17931.690148576276
2015-01-18 14:00:00,16788.985439323533
2015-01-18 14:30:00,17057.1788729784
2015-01-18 15:00:00,17109.68926371831
2015-01-18 15:30:00,17062.804642531493
2015-01-18 16:00:00,17109.68926371831
2015-01-18 16:30:00,17062.804642531493
2015-01-18 17:00:00,17109.68926371831
2015-01-18 17:30:00,17062.804642531493
2015-01-18 18:00:00,17313.728679975848
2015-01-18 18:30:00,17814.2207327003
2015-01-18 19:00:00,17143.68099632218
2015-01-18 19:30:00,17644.17304904663
2015-01-18 20:00:00,17143.68099632218
2015-01-18 20:30:00,17644.17304904663
2015-01-18 21:00:00,16854.13669435431
2015-01-18 21:30:00,16854.13669435431
2015-01-18 22:00:00,16854.13669435431
2015-01-18 22:30:00,16854.13669435431
2015-01-18 23:00:00,15333.766978908725
2015-01-18 23:30:00,15333.766978908725
2015-01-19 00:00:00,8379.93379046082
2015-01-19 00:30:00,4593.24719733807
2015-01-19 01:00:00,629.7037828559149
2015-01-19 01:30:00,3285.9009401741705
2015-01-19 02:00:00,629.7037828559149
2015-01-19 02:30:00,3285.9009401741705
2015-01-19 03:00:00,2686.5544307166224
2015-01-19 03:30:00,3285.9009401741705
2015-01-19 04:00:00,2686.5544307166224
2015-01-19 04:30:00,3285.9009401741705
2015-01-19 05:00:00,942.9302533531508
2015-01-19 05:30:00,567.2253045916517
2015-01-19 06:00:00,6575.847813372593
2015-01-19 06:30:00,9739.503064340652
2015-01-19 07:00:00,18498.02583464908
2015-01-19 07:30:00,18061.447809950158
2015-01-19 08:00:00,20967.260620494744
2015-01-19 08:30:00,22894.857462721528
2015-01-19 09:00:00,20967.260620494744
2015-01-19 09:30:00,22894.857462721528
2015-01-19 10:00:00,14802.368807754772
2015-01-19 10:30:00,14365.790783055849
2015-01-19 11:00:00,14966.448347957286
2015-01-19 11:30:00,14529.870323258363
2015-01-19 12:00:00,14541.512611545495
2015-01-19 12:30:00,15409.933381130671
2015-01-19 13:00:00,14605.136135119814
2015-01-19 13:30:00,15268.096854808846
2015-01-19 14:00:00,14605.136135119814
2015-01-19 14:30:00,15268.096854808846
2015-01-19 15:00:00,14605.136135119814
2015-01-19 15:30:00,14732.234149210737
2015-01-19 16:00:00,13842.44721935304
2015-01-19 16:30:00,13969.545233443963
2015-01-19 17:00:00,13351.215168812321
2015-01-19 17:30:00,14453.713789989051
2015-01-19 18:00:00,19091.98128976896
2015-01-19 18:30:00,19901.19819288399
2015-01-19 19:00:00,17946.06963860112
2015-01-19 19:30:00,18755.28654171615
2015-01-19 20:00:00,17946.06963860112
2015-01-19 20:30:00,18755.28654171615
2015-01-19 21:00:00,17946.06963860112
2015-01-19 21:30:00,18755.28654171615
2015-01-19 22:00:00,17946.06963860112
2015-01-19 22:30:00,18755.28654171615
2015-01-19 23:00:00,19223.816437014066
2015-01-19 23:30:00,17881.23304772674
2015-01-20 00:00:00,8379.93379046082
2015-01-20 00:30:00,4593.24719733807
2015-01-20 01:00:00,629.7037828559149
2015-01-20 01:30:00,3285.9009401741705
2015-01-20 02:00:00,629.7037828559149
2015-01-20 02:30:00,3285.9009401741705
2015-01-20 03:00:00,2686.5544307166224
2015-01-20 03:30:00,3285.9009401741705
2015-01-20 04:00:00,2686.5544307166224
2015-01-20 04:30:00,3285.9009401741705
2015-01-20 05:00:00,942.9302533531508
2015-01-20 05:30:00,567.2253045916517
2015-01-20 06:00:00,6575.847813372593
2015-01-20 06:30:00,9739.503064340652
2015-01-20 07:00:00,18498.02583464908
2015-01-20 07:30:00,18061.447809950158
2015-01-20 08:00:00,20967.260620494744
2015-01-20 08:30:00,22894.857462721528
2015-01-20 09:00:00,20967.260620494744
2015-01-20 09:30:00,22894.857462721528
2015-01-20 10:00:00,14802.368807754772
2015-01-20 10:30:00,14365.790783055849
2015-01-20 11:00:00,14966.448347957286
2015-01-20 11:30:00,14529.870323258363
2015-01-20 12:00:00,19491.118077792642
2015-01-20 12:30:00,20161.412414543265
2015-01-20 13:00:00,19554.74160136696
2015-01-20 13:30:00,20019.57588822144
2015-01-20 14:00:00,19554.74160136696
2015-01-20 14:30:00,20019.57588822144
2015-01-20 15:00:00,19554.74160136696
2015-01-20 15:30:00,19483.71318262333
2015-01-20 16:00:00,18792.05268560019
2015-01-20 16:30:00,18721.02426685656
2015-01-20 17:00:00,20011.586237053172
2015-01-20 17:30:00,21130.84134164264
2015-01-20 18:00:00,22760.113024038867
2015-01-20 18:30:00,23586.086410566633
2015-01-20 19:00:00,22608.72732879096
2015-01-20 19:30:00,23434.70071531873
2015-01-20 20:00:00,22533.823655320593
2015-01-20 20:30:00,23359.797041848367
2015-01-20 21:00:00,22114.7626766439
2015-01-20 21:30:00,22940.736063171673
2015-01-20 22:00:00,22148.09248263451
2015-01-20 22:30:00,21567.000686706146
2015-01-20 23:00:00,21132.708471842318
2015-01-20 23:30:00,18399.816383511596
2015-01-21 00:00:00,8379.93379046082
2015-01-21 00:30:00,4593.24719733807
2015-01-21 01:00:00,693.490808874208
2015-01-21 01:30:00,3349.6879661924636
2015-01-21 02:00:00,693.490808874208
2015-01-21 02:30:00,3349.6879661924636
2015-01-21 03:00:00,2750.3414567349155
2015-01-21 03:30:00,3349.6879661924636
2015-01-21 04:00:00,2750.3414567349155
2015-01-21 04:30:00,3349.6879661924636
2015-01-21 05:00:00,1006.7172793714439
2015-01-21 05:30:00,631.0123306099448
2015-01-21 06:00:00,6575.847813372593
2015-01-21 06:30:00,9739.503064340652
2015-01-21 07:00:00,17294.984199411774
2015-01-21 07:30:00,18609.27531527786
2015-01-21 08:00:00,19764.218985257437
2015-01-21 08:30:00,23442.68496804923
2015-01-21 09:00:00,19764.218985257437
2015-01-21 09:30:00,23316.454430551716
2015-01-21 10:00:00,13599.327172517467
2015-01-21 10:30:00,14086.530153562258
2015-01-21 11:00:00,13325.128276217562
2015-01-21 11:30:00,14250.609693764773
2015-01-21 12:00:00,19491.118077792642
2015-01-21 12:30:00,20161.412414543265
2015-01-21 13:00:00,19554.74160136696
2015-01-21 13:30:00,20019.57588822144
2015-01-21 14:00:00,19554.74160136696
2015-01-21 14:30:00,20019.57588822144
2015-01-21 15:00:00,19554.74160136696
2015-01-21 15:30:00,19483.71318262333
2015-01-21 16:00:00,18792.05268560019
2015-01-21 16:30:00,18721.02426685656
2015-01-21 17:00:00,19133.572198630856
2015-01-21 17:30:00,21130.84134164264
2015-01-21 18:00:00,21882.09898561655
2015-01-21 18:30:00,23586.086410566633
2015-01-21 19:00:00,21730.713290368643
2015-01-21 19:30:00,23434.70071531873
2015-01-21 20:00:00,21655.809616898277
2015-01-21 20:30:00,23359.797041848367
2015-01-21 21:00:00,21236.748638221583
2015-01-21 21:30:00,22940.736063171673
2015-01-21 22:00:00,21270.078444212195
2015-01-21 22:30:00,21567.000686706146
2015-01-21 23:00:00,20254.69443342
2015-01-21 23:30:00,18399.816383511596
2015-01-22 00:00:00,8379.93379046082
2015-01-22 00:30:00,4593.24719733807
2015-01-22 01:00:00,693.490808874208
2015-01-22 01:30:00,3349.6879661924636
2015-01-22 02:00:00,693.490808874208
2015-01-22 02:30:00,3349.6879661924636
2015-01-22 03:00:00,2750.3414567349155
2015-01-22 03:30:00,3349.6879661924636
2015-01-22 04:00:00,2750.3414567349155
2015-01-22 04:30:00,3349.6879661924636
2015-01-22 05:00:00,1006.7172793714439
2015-01-22 05:30:00,631.0123306099448
2015-01-22 06:00:00,6575.847813372593
2015-01-22 06:30:00,9739.503064340652
2015-01-22 07:00:00,17502.83535178001
2015-01-22 07:30:00,18817.126467646096
2015-01-22 08:00:00,19972.070137625673
2015-01-22 08:30:00,23650.536120417466
2015-01-22 09:00:00,19972.070137625673
2015-01-22 09:30:00,23524.30558291995
2015-01-22 10:00:00,13599.327172517467
2015-01-22 10:30:00,14086.530153562258
2015-01-22 11:00:00,13325.128276217562
2015-01-22 11:30:00,14250.609693764773
2015-01-22 12:00:00,20564.418478749707
2015-01-22 12:30:00,20832.611912404573
2015-01-22 13:00:00,19696.168710893606
2015-01-22 13:30:00,19964.36214454847
2015-01-22 14:00:00,19696.168710893606
2015-01-22 14:30:00,19964.36214454847
2015-01-22 15:00:00,20599.036513701547
2015-01-22 15:30:00,20867.229947356413
2015-01-22 16:00:00,19836.347597934775
2015-01-22 16:30:00,20104.54103158964
2015-01-22 17:00:00,20571.574753862773
2015-01-22 17:30:00,21480.202166377774
2015-01-22 18:00:00,21786.530968107214
2015-01-22 18:30:00,23236.181850082376
2015-01-22 19:00:00,22091.6621227737
2015-01-22 19:30:00,23541.313004748863
2015-01-22 20:00:00,22016.758449303336
2015-01-22 20:30:00,23235.3085860753
2015-01-22 21:00:00,22817.73945910122
2015-01-22 21:30:00,24036.289595873186
2015-01-22 22:00:00,23828.839263795897
2015-01-22 22:30:00,24638.056166910927
2015-01-22 23:00:00,21565.020694439878
2015-01-22 23:30:00,21565.020694439878
2015-01-23 00:00:00,15665.884671442425
2015-01-23 00:30:00,9810.736242582956
2015-01-23 01:00:00,18005.88822456407
2015-01-23 01:30:00,9597.59290106473
2015-01-23 02:00:00,14189.843794798102
2015-01-23 02:30:00,7676.8917539201
2015-01-23 03:00:00,11674.598927313471
2015-01-23 03:30:00,7676.8917539201
2015-01-23 04:00:00,11674.598927313471
2015-01-23 04:30:00,7676.8917539201
2015-01-23 05:00:00,904.7288244460692
2015-01-23 05:30:00,204.38715721593348
2015-01-23 06:00:00,4819.53638198994
2015-01-23 06:30:00,7983.191632957998
2015-01-23 07:00:00,17502.83535178001
2015-01-23 07:30:00,18817.126467646096
2015-01-23 08:00:00,19972.070137625673
2015-01-23 08:30:00,23650.536120417466
2015-01-23 09:00:00,19972.070137625673
2015-01-23 09:30:00,23524.30558291995
2015-01-23 10:00:00,13599.327172517467
2015-01-23 10:30:00,14086.530153562258
2015-01-23 11:00:00,13325.128276217562
2015-01-23 11:30:00,14250.609693764773
2015-01-23 12:00:00,20769.527030502402
2015-01-23 12:30:00,21037.720464157268
2015-01-23 13:00:00,19696.168710893606
2015-01-23 13:30:00,19964.36214454847
2015-01-23 14:00:00,19696.168710893606
2015-01-23 14:30:00,19964.36214454847
2015-01-23 15:00:00,20418.566528385258
2015-01-23 15:30:00,20686.759962040123
2015-01-23 16:00:00,19655.877612618486
2015-01-23 16:30:00,19924.07104627335
2015-01-23 17:00:00,20391.104768546484
2015-01-23 17:30:00,21299.732181061485
2015-01-23 18:00:00,23760.01110850272
2015-01-23 18:30:00,24400.445087362856
2015-01-23 19:00:00,23577.62268169673
2015-01-23 19:30:00,24218.056660556864
2015-01-23 20:00:00,23502.719008226366
2015-01-23 20:30:00,23912.052241883302
2015-01-23 21:00:00,23502.719008226366
2015-01-23 21:30:00,23912.052241883302
2015-01-23 22:00:00,26341.790286293606
2015-01-23 22:30:00,26341.790286293606
2015-01-23 23:00:00,25872.340373398718
2015-01-23 23:30:00,25872.340373398718
2015-01-24 00:00:00,21630.68312476778
2015-01-24 00:30:00,18262.116926797302
2015-01-24 01:00:00,19268.113022610356
2015-01-24 01:30:00,15534.442055380938
2015-01-24 02:00:00,16787.071678514025
2015-01-24 02:30:00,14948.743993905948
2015-01-24 03:00:00,12617.571402903755
2015-01-24 03:30:00,13294.488585780313
2015-01-24 04:00:00,12617.571402903755
2015-01-24 04:30:00,13294.488585780313
2015-01-24 05:00:00,160.54108000323154
2015-01-24 05:30:00,-1145.2989783788205
2015-01-24 06:00:00,2162.439810241837
2015-01-24 06:30:00,2857.6905930694716
2015-01-24 07:00:00,7231.739892144482
2015-01-24 07:30:00,7231.739892144482
2015-01-24 08:00:00,7596.960025936613
2015-01-24 08:30:00,7596.960025936613
2015-01-24 09:00:00,8881.235817916393
2015-01-24 09:30:00,8881.235817916393
2015-01-24 10:00:00,8881.235817916393
2015-01-24 10:30:00,8881.235817916393
2015-01-24 11:00:00,13477.127550139954
2015-01-24 11:30:00,14042.71765610289
2015-01-24 12:00:00,17121.376096556072
2015-01-24 12:30:00,17955.159636173874
2015-01-24 13:00:00,16048.017776947276
2015-01-24 13:30:00,16881.801316565077
2015-01-24 14:00:00,16048.017776947276
2015-01-24 14:30:00,16881.801316565077
2015-01-24 15:00:00,16368.721601342048
2015-01-24 15:30:00,16887.427086118172
2015-01-24 16:00:00,15606.032685575274
2015-01-24 16:30:00,16124.738170351398
2015-01-24 17:00:00,15619.013227621914
2015-01-24 17:30:00,17500.399305139534
2015-01-24 18:00:00,21607.892308591254
2015-01-24 18:30:00,22970.572901332747
2015-01-24 19:00:00,21962.352746559325
2015-01-24 19:30:00,23325.033339300815
2015-01-24 20:00:00,21887.449073088963
2015-01-24 20:30:00,23019.028920627257
2015-01-24 21:00:00,21325.463001470773
2015-01-24 21:30:00,22457.042849009067
2015-01-24 22:00:00,24886.78089341937
2015-01-24 22:30:00,24886.78089341937
2015-01-24 23:00:00,25872.340373398718
2015-01-24 23:30:00,25872.340373398718
2015-01-25 00:00:00,21630.68312476778
2015-01-25 00:30:00,19273.436065466238
2015-01-25 01:00:00,19268.113022610356
2015-01-25 01:30:00,16545.761194049875
2015-01-25 02:00:00,15379.465095498497
2015-01-25 02:30:00,13541.137410890424
2015-01-25 03:00:00,12200.447812871747
2015-01-25 03:30:00,12877.364995748305
2015-01-25 04:00:00,12200.447812871747
2015-01-25 04:30:00,12877.364995748305
2015-01-25 05:00:00,127.73358720007444
2015-01-25 05:30:00,-1178.1064711819777
2015-01-25 06:00:00,1734.2992603984242
2015-01-25 06:30:00,2429.550043226059
2015-01-25 07:00:00,8364.213980146824
2015-01-25 07:30:00,8364.213980146824
2015-01-25 08:00:00,8729.434113938956
2015-01-25 08:30:00,8729.434113938956
2015-01-25 09:00:00,10393.472639221485
2015-01-25 09:30:00,10393.472639221485
2015-01-25 10:00:00,10393.472639221485
2015-01-25 10:30:00,10393.472639221485
2015-01-25 11:00:00,10990.339656010052
2015-01-25 11:30:00,10990.339656010052
2015-01-25 12:00:00,18180.74485824823
2015-01-25 12:30:00,18448.938291903094
2015-01-25 13:00:00,20409.279347063526
2015-01-25 13:30:00,20677.47278071839
2015-01-25 14:00:00,19534.76807146565
2015-01-25 14:30:00,19802.961505120515
2015-01-25 15:00:00,19855.471895860424
2015-01-25 15:30:00,19808.58727467361
2015-01-25 16:00:00,19855.471895860424
2015-01-25 16:30:00,19808.58727467361
2015-01-25 17:00:00,19855.471895860424
2015-01-25 17:30:00,19808.58727467361
2015-01-25 18:00:00,21210.393882878972
2015-01-25 18:30:00,21337.384193200764
2015-01-25 19:00:00,21040.346199225303
2015-01-25 19:30:00,21167.33650954709
2015-01-25 20:00:00,21040.346199225303
2015-01-25 20:30:00,21167.33650954709
2015-01-25 21:00:00,17562.659249638942
2015-01-25 21:30:00,17189.15750723628
2015-01-25 22:00:00,17562.659249638942
2015-01-25 22:30:00,17189.15750723628
2015-01-25 23:00:00,15897.440082602652
2015-01-25 23:30:00,15897.440082602652
2015-01-26 00:00:00,8379.93379046082
2015-01-26 00:30:00,4593.24719733807
2015-01-26 01:00:00,629.7037828559149
2015-01-26 01:30:00,3285.9009401741705
2015-01-26 02:00:00,629.7037828559149
2015-01-26 02:30:00,3285.9009401741705
2015-01-26 03:00:00,2686.5544307166224
2015-01-26 03:30:00,3285.9009401741705
2015-01-26 04:00:00,2686.5544307166224
2015-01-26 04:30:00,3285.9009401741705
2015-01-26 05:00:00,942.9302533531508
2015-01-26 05:30:00,567.2253045916517
2015-01-26 06:00:00,6575.847813372593
2015-01-26 06:30:00,9739.503064340652
2015-01-26 07:00:00,19016.0438386195
2015-01-26 07:30:00,18579.465813920575
2015-01-26 08:00:00,21485.278624465158
2015-01-26 08:30:00,23412.87546669194
2015-01-26 09:00:00,21485.278624465158
2015-01-26 09:30:00,23412.87546669194
2015-01-26 10:00:00,14802.368807754772
2015-01-26 10:30:00,14365.790783055849
2015-01-26 11:00:00,14966.448347957286
2015-01-26 11:30:00,14529.870323258363
2015-01-26 12:00:00,14517.570126334333
2015-01-26 12:30:00,15409.933381130671
2015-01-26 13:00:00,14581.193649908651
2015-01-26 13:30:00,15930.782524664715
2015-01-26 14:00:00,14581.193649908651
2015-01-26 14:30:00,15930.782524664715
2015-01-26 15:00:00,14581.193649908651
2015-01-26 15:30:00,15930.782524664715
2015-01-26 16:00:00,13818.504734141878
2015-01-26 16:30:00,15168.093608897942
2015-01-26 17:00:00,14494.907847687367
2015-01-26 17:30:00,14837.463817894331
2015-01-26 18:00:00,20235.673968644
2015-01-26 18:30:00,21277.45752168432
2015-01-26 19:00:00,19852.12325106065
2015-01-26 19:30:00,20893.90680410097
2015-01-26 20:00:00,19852.12325106065
2015-01-26 20:30:00,20893.90680410097
2015-01-26 21:00:00,19852.12325106065
2015-01-26 21:30:00,20893.90680410097
2015-01-26 22:00:00,19852.12325106065
2015-01-26 22:30:00,20893.90680410097
2015-01-26 23:00:00,20931.18221958304
2015-01-26 23:30:00,18828.65617932595
2015-01-27 00:00:00,8379.93379046082
2015-01-27 00:30:00,4593.24719733807
2015-01-27 01:00:00,629.7037828559149
2015-01-27 01:30:00,3285.9009401741705
2015-01-27 02:00:00,629.7037828559149
2015-01-27 02:30:00,3285.9009401741705
2015-01-27 03:00:00,2686.5544307166224
2015-01-27 03:30:00,3285.9009401741705
2015-01-27 04:00:00,2686.5544307166224
2015-01-27 04:30:00,3285.9009401741705
2015-01-27 05:00:00,942.9302533531508
2015-01-27 05:30:00,567.2253045916517
2015-01-27 06:00:00,6575.847813372593
2015-01-27 06:30:00,9739.503064340652
2015-01-27 07:00:00,19174.898534562228
2015-01-27 07:30:00,18738.320509863304
2015-01-27 08:00:00,21644.13332040789
2015-01-27 08:30:00,23571.73016263467
2015-01-27 09:00:00,21644.13332040789
2015-01-27 09:30:00,23571.73016263467
2015-01-27 10:00:00,14802.368807754772
2015-01-27 10:30:00,14365.790783055849
2015-01-27 11:00:00,14966.448347957286
2015-01-27 11:30:00,14529.870323258363
2015-01-27 12:00:00,19269.049159746926
2015-01-27 12:30:00,20161.412414543265
2015-01-27 13:00:00,19332.672683321245
2015-01-27 13:30:00,20682.26155807731
2015-01-27 14:00:00,19332.672683321245
2015-01-27 14:30:00,20682.26155807731
2015-01-27 15:00:00,19332.672683321245
2015-01-27 15:30:00,20682.26155807731
2015-01-27 16:00:00,18569.983767554473
2015-01-27 16:30:00,19919.572642310537
2015-01-27 17:00:00,18902.314504872767
2015-01-27 17:30:00,21130.84134164264
2015-01-27 18:00:00,21526.11220947644
2015-01-27 18:30:00,24453.866629079665
2015-01-27 19:00:00,22553.1449128896
2015-01-27 19:30:00,25480.899332492827
2015-01-27 20:00:00,22160.383414231732
2015-01-27 20:30:00,25088.137833834957
2015-01-27 21:00:00,21741.322435555037
2015-01-27 21:30:00,24669.076855158262
2015-01-27 22:00:00,20596.23384288458
2015-01-27 22:30:00,22116.92308003167
2015-01-27 23:00:00,20587.109843355844
2015-01-27 23:30:00,18963.489487205527
2015-01-28 00:00:00,8379.93379046082
2015-01-28 00:30:00,4593.24719733807
2015-01-28 01:00:00,693.490808874208
2015-01-28 01:30:00,3349.6879661924636
2015-01-28 02:00:00,693.490808874208
2015-01-28 02:30:00,3349.6879661924636
2015-01-28 03:00:00,2750.3414567349155
2015-01-28 03:30:00,3349.6879661924636
2015-01-28 04:00:00,2750.3414567349155
2015-01-28 04:30:00,3349.6879661924636
2015-01-28 05:00:00,1006.7172793714439
2015-01-28 05:30:00,631.0123306099448
2015-01-28 06:00:00,6575.847813372593
2015-01-28 06:30:00,9739.503064340652
2015-01-28 07:00:00,17971.85689932492
2015-01-28 07:30:00,19286.148015191007
2015-01-28 08:00:00,20441.091685170584
2015-01-28 08:30:00,24119.557667962374
2015-01-28 09:00:00,20441.091685170584
2015-01-28 09:30:00,23993.32713046486
2015-01-28 10:00:00,13599.327172517467
2015-01-28 10:30:00,14086.530153562258
2015-01-28 11:00:00,13325.128276217562
2015-01-28 11:30:00,14250.609693764773
2015-01-28 12:00:00,19269.049159746926
2015-01-28 12:30:00,20161.412414543265
2015-01-28 13:00:00,19332.672683321245
2015-01-28 13:30:00,20682.26155807731
2015-01-28 14:00:00,19332.672683321245
2015-01-28 14:30:00,20682.26155807731
2015-01-28 15:00:00,19332.672683321245
2015-01-28 15:30:00,20682.26155807731
2015-01-28 16:00:00,18569.983767554473
2015-01-28 16:30:00,19919.572642310537
2015-01-28 17:00:00,18902.314504872767
2015-01-28 17:30:00,21130.84134164264
2015-01-28 18:00:00,21526.11220947644
2015-01-28 18:30:00,24453.866629079665
2015-01-28 19:00:00,22553.1449128896
2015-01-28 19:30:00,25480.899332492827
2015-01-28 20:00:00,22160.383414231732
2015-01-28 20:30:00,25088.137833834957
2015-01-28 21:00:00,21741.322435555037
2015-01-28 21:30:00,24669.076855158262
2015-01-28 22:00:00,20596.23384288458
2015-01-28 22:30:00,22116.92308003167
2015-01-28 23:00:00,20587.109843355844
2015-01-28 23:30:00,18963.489487205527
2015-01-29 00:00:00,9019.93755450828
2015-01-29 00:30:00,5233.250961385531
2015-01-29 01:00:00,1333.4945729216693
2015-01-29 01:30:00,3989.6917302399233
2015-01-29 02:00:00,1333.4945729216693
2015-01-29 02:30:00,3989.6917302399233
2015-01-29 03:00:00,3390.3452207823766
2015-01-29 03:30:00,3989.6917302399233
2015-01-29 04:00:00,3390.3452207823766
2015-01-29 04:30:00,3989.6917302399233
2015-01-29 05:00:00,1646.7210434189055
2015-01-29 05:30:00,1271.0160946574058
2015-01-29 06:00:00,7215.851577420053
2015-01-29 06:30:00,10379.506828388114
2015-01-29 07:00:00,16084.523287537055
2015-01-29 07:30:00,17398.814403403143
2015-01-29 08:00:00,18553.75807338272
2015-01-29 08:30:00,22232.22405617451
2015-01-29 09:00:00,18553.75807338272
2015-01-29 09:30:00,22105.993518676994
2015-01-29 10:00:00,13796.345636834238
2015-01-29 10:30:00,14283.548617879029
2015-01-29 11:00:00,13522.146740534332
2015-01-29 11:30:00,14447.628158081543
2015-01-29 12:00:00,20564.418478749707
2015-01-29 12:30:00,20832.611912404573
2015-01-29 13:00:00,19696.168710893606
2015-01-29 13:30:00,19964.36214454847
2015-01-29 14:00:00,19696.168710893606
2015-01-29 14:30:00,19964.36214454847
2015-01-29 15:00:00,20599.036513701547
2015-01-29 15:30:00,20867.229947356413
2015-01-29 16:00:00,19836.347597934775
2015-01-29 16:30:00,20104.54103158964
2015-01-29 17:00:00,19671.60357624485
2015-01-29 17:30:00,19939.797009899714
2015-01-29 18:00:00,20447.40252388475
2015-01-29 18:30:00,22249.128727894826
2015-01-29 19:00:00,20752.533678551237
2015-01-29 19:30:00,22554.259882561313
2015-01-29 20:00:00,20359.772179893367
2015-01-29 20:30:00,22161.498383903443
2015-01-29 21:00:00,21160.75318969125
2015-01-29 21:30:00,22962.479393701327
2015-01-29 22:00:00,23071.824172003853
2015-01-29 22:30:00,24873.550376013933
2015-01-29 23:00:00,22128.693798133805
2015-01-29 23:30:00,22128.693798133805
2015-01-30 00:00:00,15665.884671442425
2015-01-30 00:30:00,9810.736242582956
2015-01-30 01:00:00,18005.88822456407
2015-01-30 01:30:00,9597.59290106473
2015-01-30 02:00:00,14189.843794798102
2015-01-30 02:30:00,7676.8917539201
2015-01-30 03:00:00,11674.598927313471
2015-01-30 03:30:00,7676.8917539201
2015-01-30 04:00:00,11674.598927313471
2015-01-30 04:30:00,7676.8917539201
2015-01-30 05:00:00,904.7288244460692
2015-01-30 05:30:00,204.38715721593348
2015-01-30 06:00:00,4819.53638198994
2015-01-30 06:30:00,7983.191632957998
2015-01-30 07:00:00,16084.523287537055
2015-01-30 07:30:00,17398.814403403143
2015-01-30 08:00:00,18553.75807338272
2015-01-30 08:30:00,22232.22405617451
2015-01-30 09:00:00,18553.75807338272
2015-01-30 09:30:00,22105.993518676994
2015-01-30 10:00:00,13796.345636834238
2015-01-30 10:30:00,14283.548617879029
2015-01-30 11:00:00,13522.146740534332
2015-01-30 11:30:00,14447.628158081543
2015-01-30 12:00:00,21025.011118712657
2015-01-30 12:30:00,21293.204552367522
2015-01-30 13:00:00,21667.778552506894
2015-01-30 13:30:00,21935.97198616176
2015-01-30 14:00:00,21667.778552506894
2015-01-30 14:30:00,21935.97198616176
2015-01-30 15:00:00,21667.778552506894
2015-01-30 15:30:00,21935.97198616176
2015-01-30 16:00:00,19838.95991979448
2015-01-30 16:30:00,20107.153353449346
2015-01-30 17:00:00,19674.215898104554
2015-01-30 17:30:00,19942.40933175942
2015-01-30 18:00:00,18300.29006396719
2015-01-30 18:30:00,18300.29006396719
2015-01-30 19:00:00,18654.750501935257
2015-01-30 19:30:00,18654.750501935257
2015-01-30 20:00:00,18261.989003277387
2015-01-30 20:30:00,18261.989003277387
2015-01-30 21:00:00,18261.989003277387
2015-01-30 21:30:00,18261.989003277387
2015-01-30 22:00:00,24639.546307897122
2015-01-30 22:30:00,24639.546307897122
2015-01-30 23:00:00,25872.340373398718
2015-01-30 23:30:00,25872.340373398718
2015-01-31 00:00:00,21630.68312476778
2015-01-31 00:30:00,18262.116926797302
2015-01-31 01:00:00,19268.113022610356
2015-01-31 01:30:00,15534.442055380938
2015-01-31 02:00:00,16787.071678514025
2015-01-31 02:30:00,14948.743993905948
2015-01-31 03:00:00,12617.571402903755
2015-01-31 03:30:00,13294.488585780313
2015-01-31 04:00:00,12617.571402903755
2015-01-31 04:30:00,13294.488585780313
2015-01-31 05:00:00,160.54108000323154
2015-01-31 05:30:00,-1145.2989783788205
2015-01-31 06:00:00,2162.439810241837
2015-01-31 06:30:00,2857.6905930694716
2015-01-31 07:00:00,7231.739892144482
2015-01-31 07:30:00,7231.739892144482
2015-01-31 08:00:00,7596.960025936613
2015-01-31 08:30:00,7596.960025936613
2015-01-31 09:00:00,8881.235817916393
2015-01-31 09:30:00,8881.235817916393
2015-01-31 10:00:00,8881.235817916393
2015-01-31 10:30:00,8881.235817916393
2015-01-31 11:00:00,13477.127550139954
2015-01-31 11:30:00,14042.71765610289
2015-01-31 12:00:00,17376.860184766327
2015-01-31 12:30:00,18210.64372438413
2015-01-31 13:00:00,18019.627618560564
2015-01-31 13:30:00,18853.411158178365
2015-01-31 14:00:00,18019.627618560564
2015-01-31 14:30:00,18853.411158178365
2015-01-31 15:00:00,18019.627618560564
2015-01-31 15:30:00,18853.411158178365
2015-01-31 16:00:00,16190.808985848145
2015-01-31 16:30:00,17024.592525465952
2015-01-31 17:00:00,16026.064964158219
2015-01-31 17:30:00,16859.848503776022
2015-01-31 18:00:00,18666.9238135381
2015-01-31 18:30:00,18666.9238135381
2015-01-31 19:00:00,19021.384251506173
2015-01-31 19:30:00,19021.384251506173
2015-01-31 20:00:00,18628.622752848303
2015-01-31 20:30:00,18628.622752848303
2015-01-31 21:00:00,18066.63668123011
2015-01-31 21:30:00,18066.63668123011
2015-01-31 22:00:00,24444.193985849844
2015-01-31 22:30:00,24444.193985849844
2015-01-31 23:00:00,25204.308141724694
2015-01-31 23:30:00,25204.308141724694
